NAME	LEN	TP	FP	FN	PRC	RCL	FS	SEQ	DBN	PRED
1ZDJ [8],1.R.G.7.:1.R.C.14.	8	2	0	0	1	1	1	GGAUCACC	((....))	((....))
2B2D [9],1.R.G.307.:1.R.C.315.	9	3	0	0	1	1	1	GUCUAAGAC	(((...)))	(((...)))
5AMQ [10],1.C.A.1.:1.C.C.10.	10	2	0	0	1	1	1	AGUAGUGUAC	.((.....))	.((.....))
2BS1 [11],1.S.U.6.:1.S.A.16.	11	4	0	0	1	1	1	UGUCUAAGACA	((((...))))	((((...))))
2IZN [11],1.S.C.5.:1.S.G.15.	11	0	2	3	0	0	0	CGCGAUUACGG	(.((....)))	((......)).
1ZSE [12],1.R.U.306.:1.R.G.317.	12	4	0	0	1	1	1	UGUCUAAGACAG	((((...)))).	((((...)))).
3JCS [12],1.3.G.3.:1.3.A.14.	12	0	2	3	0	0	0	GUGGUAAUGCGA	(((....)))..	.((......)).
2BS0 [12],1.R.U.6.:1.R.G.17.	12	3	0	0	1	1	1	UGUCUAAGACUG	.(((...)))..	.(((...)))..
7R1F [12],1.V.A.1.:1.V.G.12.	12	2	0	0	1	1	1	AGUAGUAACAAG	.((....))...	.((....))...
6FQ3 [13],1.B.G.1.:1.B.C.13.	13	5	0	0	1	1	1	GGAGUCCAACUCC	(((((...)))))	(((((...)))))
1ZDH [13],1.R.U.4.:1.R.A.16.	13	2	1	2	0.667	0.5	0.571	UGAGGAUCACCCA	((.((....))))	((.(.....).))
7QTL [13],1.V.A.1.:1.V.A.13.	13	2	0	0	1	1	1	AGUAGUAACAAGA	.((....))....	.((....))....
3OIJ [14],1.C.G.1.:1.C.C.14.	14	4	0	0	1	1	1	GGGCUUCAACGCCC	((((......))))	((((......))))
6MSF [14],1.R.C.1.:1.R.G.14.	14	5	0	0	1	1	1	CCACAGUCACUGGG	((.(((...)))))	((.(((...)))))
7MSF [14],1.R.U.1.:1.R.G.14.	14	4	1	0	0.8	1	0.889	UCGCCAACAGGCGG	.((((....)))).	(((((....)))))
2C50 [14],1.R.A.3.:1.R.A.16.	14	4	0	0	1	1	1	AUGAGGAUAACCCA	.((.((....))))	.((.((....))))
6SZV [14],1.V.A.1.:1.V.G.14.	14	2	0	0	1	1	1	AGUAGUAACAAGAG	.((....)).....	.((....)).....
4ILL [14],1.R.A.4.:1.R.A.17.	14	3	1	0	0.75	1	0.857	AAUCUACUAUAGAA	..(((.....))).	..((((...)))).
4AL7 [15],1.B.C.6.:1.B.G.20.	15	5	0	0	1	1	1	CUGCCGUAUAGGCAG	(((((.....)))))	(((((.....)))))
4IFD [15],1.R.C.-44.:1.R.U.-30.	15	4	0	0	1	1	1	CCCCGAGAGGGGGUU	((((....))))...	((((....))))...
5T5H [15],1.A.A.205.:1.A.U.219.	15	4	1	0	0.8	1	0.889	AGCAAACCCGUUGCU	((((.......))))	(((((.....)))))
2BNY [15],1.R.A.3.:1.R.U.17.	15	5	0	0	1	1	1	AUGAGGAUUACCCAU	(((.((....)))))	(((.((....)))))
7WTU [15],1.2.C.1363.:1.2.U.1377.	15	2	1	1	0.667	0.667	0.667	CUGGUUAAUUCCGAU	(.((......)))..	.(((......)))..
4Z31 [15],1.E.A.1.:1.E.C.15.	15	5	0	0	1	1	1	AUGUUCUGUGAACAC	.(((((...))))).	.(((((...))))).
7B9V [16],1.2.G.69.:1.2.C.84.	16	6	0	0	1	1	1	GACCUCAAUGAGGCUC	((((((...)))).))	((((((...)))).))
1ZBH [16],1.E.G.6.:1.E.C.21.	16	6	0	0	1	1	1	GGCUCUUUUCAGAGCC	((((((....))))))	((((((....))))))
4AL6 [16],1.B.C.6.:1.B.C.21.	16	5	0	0	1	1	1	CUGCCGUAUAGGCAGC	(((((.....))))).	(((((.....))))).
1AQ3 [16],1.R.A.3.:1.R.G.18.	16	5	0	0	1	1	1	AUGAGGAUUACCCAUG	(((.((....))))).	(((.((....))))).
7QIY [16],1.2.A.1239.:1.2.U.1254.	16	0	5	2	0	0	0	AGACUGAGAGCUCUUU	((........))....	(((..((....)))))
7MQA [16],1.L1.U.1560.:1.L1.G.1575.	16	4	0	1	1	0.8	0.889	UACGCCGGCAGGCGCG	(.((((....)))).)	..((((....))))..
4QIL [16],1.C.U.2.:1.C.G.17.	16	6	0	0	1	1	1	UCCCUUCUGUGAAGGG	.((((((...))))))	.((((((...))))))
7DCO [16],1.H.G.1115.:1.H.U.1130.	16	5	1	0	0.833	1	0.909	GAGUCGUUCUUGACUU	.(((((....))))).	((((((....))))))
8H0S [17],1.X.A.27.:1.X.U.43.	17	5	0	0	1	1	1	ACGGACUUUGACUCCGU	(((((.......)))))	(((((.......)))))
4ZLD [17],1.B.U.1.:1.B.G.17.	17	6	1	0	0.857	1	0.923	UAACUUCUGUGAAGUUG	.((((((...)))))).	(((((((...)))))))
5U30 [17],1.B.G.0.:1.B.U.16.	17	0	4	4	0	0	0	GGUCUAGAGGACAGAAU	.((((..).))).....	(.(((.......))).)
7OF0 [17],1.A.C.3212.:1.A.U.3228.	17	4	0	0	1	1	1	CACCCAAGAACAGGGUU	.((((.......)))).	.((((.......)))).
4ILL [17],1.C.G.1.:1.C.A.17.	17	0	3	3	0	0	0	GCUAAUCUACUAUAGAA	.....(((.....))).	.(((........)))..
5MSF [18],1.R.C.1.:1.R.G.18.	18	5	0	0	1	1	1	CCGGAGGAUCACCACGGG	(((..((....)).))).	(((..((....)).))).
4QI2 [18],1.F.U.4.:1.F.G.21.	18	6	1	0	0.857	1	0.923	UGUUUUCUGUGAAAACGG	.((((((...))))))..	(((((((...))))))).
4AL5 [18],1.B.C.4.:1.B.C.21.	18	5	0	0	1	1	1	CACUGCCGUAUAGGCAGC	..(((((.....))))).	..(((((.....))))).
6TQB [19],1.B.G.3.:1.B.C.21.	19	8	0	0	1	1	1	GGAAAUUAUAUUAAUUUCC	((((((((...))))))))	((((((((...))))))))
1ZDK [19],1.R.A.3.:1.R.U.21.	19	7	0	0	1	1	1	ACAUGAGGAUCACCCAUGU	(((((.((....)))))))	(((((.((....)))))))
6ZU5 [19],1.S60.C.397.:1.S60.G.415.	19	3	2	0	0.6	1	0.75	CGCACGGCAAAGGAGUGCG	((.(...........).))	(((((.........)))))
4QI2 [19],1.G.U.4.:1.G.A.22.	19	0	5	6	0	0	0	UGUUUUCUGUGAAAACGGA	.((((((...))))))...	.....(((((....)))))
4QI2 [19],1.E.A.3.:1.E.G.21.	19	6	1	0	0.857	1	0.923	AUGUUUUCUGUGAAAACGG	..((((((...))))))..	.(((((((...))))))).
5F5F [20],1.B.U.1.:1.B.A.20.	20	6	0	0	1	1	1	UGACUGCGUUUUAGGAGUUA	(((((.(......).)))))	(((((.(......).)))))
4L8H [20],1.R.A.1.:1.R.U.20.	20	8	0	0	1	1	1	AUGCAUGUCUAAGACAGCAU	((((.((((...))))))))	((((.((((...))))))))
1EC6 [20],1.C.G.1.:1.C.C.20.	20	4	0	0	1	1	1	GAGGACCUAGAUCACCCCUC	((((............))))	((((............))))
7OYC [20],1.51.G.866.:1.51.C.885.	20	7	0	0	1	1	1	GCGGACUGCCCCCAGUGCGC	(((.((((....)))).)))	(((.((((....)))).)))
7NQ4 [20],1.C.A.25.:1.C.C.44.	20	6	0	0	1	1	1	AGCACGGCUGUAAACCGUGC	.((((((.......))))))	.((((((.......))))))
7Q3L [20],1.2.U.47.:1.2.A.66.	20	5	1	0	0.833	1	0.909	UAUCAGUUUAAUAUCUGAUA	.(((((........))))).	((((((........))))))
361D [20],1.A.C.79.:1.A.G.89.,1.A.A.89.A:1.A.G.97.	20	5	3	0	0.625	1	0.769	CUGGGCGGGCGACCGCCUGG	...(((((....)))))...	((((((((....))))))))
5F5H [21],1.C.C.2.:1.C.G.22.	21	7	0	0	1	1	1	CCACACCGUUCUAGGUGCUGG	(((((((......)))).)))	(((((((......)))).)))
1URN [21],1.Q.A.1.:1.Q.U.21.	21	5	0	0	1	1	1	AAUCCAUUGCACUCCGGAUUU	(((((..........))))).	(((((..........))))).
7Q3L [21],1.2.G.25.:1.2.C.45.	21	3	2	3	0.6	0.5	0.545	GAUCAAGUGUAGUAUCUGUUC	((.((.((.....)).)).))	((.(.((........))).))
5OSG [21],1.2.A.808.:1.2.G.828.	21	2	5	0	0.286	1	0.444	ACGCAUGUCAUGCAUGCCAGG	...(.(.......).).....	.(((((((...))))))..).
5ID6 [21],1.G.A.3.:1.G.C.23.	21	5	0	0	1	1	1	AAUUUCUACUAAGUGUAGAUC	....(((((.....)))))..	....(((((.....)))))..
7PLI [21],1.G.G.1.:1.G.U.21.	21	5	0	0	1	1	1	GGACAUAUGGCUGUUCGCCAU	......(((((.....)))))	......(((((.....)))))
6KYV [22],1.A.G.1.:1.A.C.22.	22	9	0	0	1	1	1	GGUAGACGCUUCGGCGUUUGCC	(((((((((....)))))))))	(((((((((....)))))))))
6F4H [22],1.B.G.1.:1.B.C.22.	22	6	0	0	1	1	1	GGCCGCAUUGCACCUCGCGGCC	((((((..........))))))	((((((..........))))))
7REX [22],1.C.U.1.:1.C.A.22.	22	5	0	0	1	1	1	UGUGGUUCGCAACCAUCCCACA	(((((............)))))	(((((............)))))
7QH7 [22],1.A.U.3174.:1.A.A.3195.	22	3	3	0	0.5	1	0.667	UAAAUGAUAUCAUCUCAACUUA	(((................)))	(((.(((.......)))..)))
7PLI [22],1.C.G.1.:1.C.U.22.	22	5	0	0	1	1	1	GGACAUAUGGCUGUUCGCCAUU	......(((((.....))))).	......(((((.....))))).
2PLY [23],1.C.G.13.:1.C.C.35.	23	9	1	1	0.9	0.9	0.9	GGCGUUGCCGGUCUGGCAACGCC	((((((((((..).)))))))))	((((((((((...))))))))))
5UDZ [23],1.W.G.1.:1.W.G.23.	23	6	1	0	0.857	1	0.923	GGGGUAGUGAUUUUACCCUGGAG	((((((.......))))))....	(((((((.....)))))))....
2PJP [23],1.B.G.12.:1.B.C.34.	23	8	1	2	0.889	0.8	0.842	GGCGGUUGCAGGUCUGCACCGCC	(((((.(((((..))))))))))	((((((.(((....)))))))))
2UWM [23],1.C.G.13.:1.C.C.35.	23	8	2	1	0.8	0.889	0.842	GGCGUUGCCGGUCUGGCAACGCC	((((.(((((..).)))).))))	((((((((((...))))))))))
2ANN [23],1.B.C.3.:1.B.G.25.	23	0	4	3	0	0	0	CGCGGAUCAGUCACCCAAGCGCG	(((...............)))..	((((...............))))
5F9F [24],1.B.G.1.:1.B.C.24.	24	10	0	0	1	1	1	GAAUAUAAUAGUGAUAUUAUAUUC	((((((((((....))))))))))	((((((((((....))))))))))
7U0H [24],1.1.G.2957.:1.1.U.2980.	24	7	0	0	1	1	1	GACCGUCGUGAGACAGGUUAGUUU	(((((((....))).)))).....	(((((((....))).)))).....
5UDZ [24],1.V.G.1.:1.V.A.24.	24	6	1	0	0.857	1	0.923	GGGGUAGUGAUUUUACCCUGGAGA	((((((.......)))))).....	(((((((.....))))))).....
7P0V [24],1.B.G.139.:1.B.C.162.	24	8	0	0	1	1	1	GGGGACUGCGUUCGCGCUUUCCCC	(((((..(((....)))..)))))	(((((..(((....)))..)))))
1A9N [24],1.Q.C.0.:1.Q.U.23.	24	5	0	0	1	1	1	CCUGGUAUUGCAGUACCUCCAGGU	(((((.............))))).	(((((.............))))).
8CSP [24],1.A.A.1276.:1.A.A.1299.	24	3	0	2	1	0.6	0.75	AACCCUGAUGAAGGCUACAAAGUA	.(((((.....))).......)).	...(((.....)))..........
5FJ1 [24],1.A.U.1.:1.A.C.24.	24	5	0	0	1	1	1	UGGGGAGCCGAAAGGCGAAGAACC	.((...(((....)))......))	.((...(((....)))......))
3NVI [24],1.E.C.2.:1.E.C.25.	24	3	2	0	0.6	1	0.75	CUCUGACCGAAAGGCGUGAUGAGC	..(...((....))......)...	(((...((....))......))).
2QUX [25],1.C.G.1.:1.C.C.25.	25	9	0	0	1	1	1	GGCACAGAAGAUAUGGCUUCGUGCC	(((((.((((......)))))))))	(((((.((((......)))))))))
6SKF [25],1.Aa.A.955.:1.Aa.G.979.	25	7	1	0	0.875	1	0.933	AAGGCCAGGCUGAAGGUCUUGCCGG	..(((.((((.....)))).)))..	..(((.(((((...))))).)))..
6YMC [26],1.A.U.1.:1.A.A.26.	26	11	0	0	1	1	1	UCUCUGGUUAGGAAACUAACUAGGGA	(((((((((((....)))))))))))	(((((((((((....)))))))))))
2A43 [26],1.A.G.3.:1.A.G.28.	26	4	0	3	1	0.571	0.727	GCGGCACCGUCCGCUCAAACAAACGG	((((..[[[.)))).........]]]	((((......))))............
7EEM [26],1.A.U.2647.:1.A.U.2672.	26	6	2	0	0.75	1	0.857	UGCUCCUAGUACGAGAGGACCGGAGU	.(((((.....(....)....)))))	.(((((..((.(....).)).)))))
8EUY [26],1.1.G.749.:1.1.C.774.	26	1	7	2	0.125	0.333	0.182	GUGGGAACGCCCUUGUGGCGUGCACC	..(....(.(....).).....)...	(((...(((((.....))))).))).
8EV3 [26],1.1.U.2983.:1.1.C.3008.	26	6	2	1	0.75	0.857	0.8	UCAUACCGAAGCAGAAUUCGGUAAGC	...(((((((......))))))..).	.(.(((((((......))))))).).
6P7M [26],1.B.A.1.:1.B.G.26.	26	5	3	0	0.625	1	0.769	AAUUUCUACUAAGUGUAGAUAAAGUG	....(((((.....))))).......	.((((((((.....)))))...))).
4L8R [26],1.A.C.1.:1.A.A.26.	26	6	0	0	1	1	1	CCAAAGGCUCUUUUCAGAGCCACCCA	.....((((((....)))))).....	.....((((((....)))))).....
4TUW [26],1.D.G.1.:1.D.C.26.	26	6	0	0	1	1	1	GGCCAAAGGCCCUUUUCAGGGCCACC	.......((((((....))))))...	.......((((((....))))))...
6CMN [27],1.D.G.18.:1.D.C.44.	27	9	0	1	1	0.9	0.947	GCAGAUCUGAGCCUGGGAGCUCUCUGC	(((((...(((((...).)))))))))	(((((...((((......)))))))))
1Q93 [27],1.A.G.2.:1.A.C.28.	27	5	0	1	1	0.833	0.909	GGUGCUCAGUAGGAGACGAACCGCACC	(((((......(....).....)))))	(((((.................)))))
1MSY [27],1.A.U.2647.:1.A.G.2673.	27	6	2	0	0.75	1	0.857	UGCUCCUAGUACGUAAGGACCGGAGUG	.(((((.....(....)....))))).	((((((..(..(....)..).))))))
7OF2 [27],1.A.C.2603.:1.A.A.2629.	27	7	1	0	0.875	1	0.933	CACUUGUUCCUUAAAUAGGGACCUGUA	.((..(((((.......)))))..)).	.((..((((((.....))))))..)).
6YLG [27],1.1.G.1013.:1.1.U.1039.	27	3	4	0	0.429	1	0.6	GUUCCGGGGUCGAAAUGACCUUGACCU	......(..((.....))..)......	....(((((((.....)))))))....
6AAX [28],1.B.G.922.:1.B.C.949.	28	12	0	0	1	1	1	GGUAAGUGUACUGGAAAGUGCACUUGCC	((((((((((((....))))))))))))	((((((((((((....))))))))))))
3SIU [28],1.C.C.28.:1.C.G.55.	28	6	0	2	1	0.75	0.857	CUGUCCAAUGAGCGCAUAGUGAGGGCAG	((((((.....((.....))..))))))	((((((................))))))
5M0I [28],1.E.G.1.:1.E.G.28.	28	6	3	0	0.667	1	0.8	GAUAACUGAAUCGAAAGACAUUAUCACG	((((......((....))...))))...	(((((.((..((....)))))))))...
4TUW [28],1.C.G.1.:1.C.C.28.	28	6	0	0	1	1	1	GGCCAAAGGCCCUUUUCAGGGCCACCCC	.......((((((....)))))).....	.......((((((....)))))).....
7QH7 [28],1.A.A.3201.:1.A.U.3228.	28	4	0	0	1	1	1	AUACCCACACCCACCCAAGAACAGGGUU	............((((.......)))).	............((((.......)))).
6DU4 [29],1.B.G.1.:1.B.C.29.	29	7	0	0	1	1	1	GGUUGGCGUAGGCUACAGAGAAGCCAACC	(((((((...............)))))))	(((((((...............)))))))
3SN2 [29],1.B.G.2.:1.B.C.30.	29	11	0	1	1	0.917	0.957	GAUUAUCGGAAGCAGUGCCUUCCAUAAUC	((((((.((((((...).)))))))))))	((((((.(((((......)))))))))))
1JBT [29],1.C.C.1.:1.C.G.29.	29	7	2	0	0.778	1	0.875	CGCUCCUCAGUACGAGAGGAACCGGAGCG	((((((......(....).....))))))	((((((...((.(....)..)).))))))
1OOA [29],1.C.C.1.:1.C.G.29.	29	9	0	0	1	1	1	CAUACUUGAAACUGUAAGGUUGGCGUAUG	(((((....((((....))))...)))))	(((((....((((....))))...)))))
8EV3 [29],1.1.G.749.:1.1.C.777.	29	9	0	0	1	1	1	GUGGGAACGCCCUUGUGGCGUGCACCAUC	((((..(((((.....)))))...)))).	((((..(((((.....)))))...)))).
5Y58 [30],1.X.G.286.:1.X.A.315.	30	9	1	1	0.9	0.9	0.9	GGACUUAUAGAUGGCUAAAAUCUGAGUCCA	((((((..((((.......)))))))))).	(((((((..(((.......)))))))))).
3SNP [30],1.C.G.1.:1.C.C.30.	30	10	0	2	1	0.833	0.909	GUUCUUGCUUCAACAGUGUUUGAACGGAAC	(((((.(.((((((...).)))))))))))	(((((...(((((......))))).)))))
7S3H [30],1.R.A.68.:1.R.U.97.	30	10	1	0	0.909	1	0.952	AACUUGAAAAAGUGGCACCGAGUCGGUGCU	.((((....)))).((((((...)))))).	.((((....))))(((((((...)))))))
6UGI [31],1.A.G.1.:1.A.C.31.	31	12	0	0	1	1	1	GGAGCGGGCGGGUUCGAGUCCCGUCCGUUCC	((((((((((((.......))))))))))))	((((((((((((.......))))))))))))
1JBR [31],1.D.G.0.:1.D.C.30.	31	8	2	0	0.8	1	0.889	GCGCUCCUCAGUACGAGAGGAACCGGAGCGC	(((((((......(....).....)))))))	(((((((...((.(....)..)).)))))))
5V3F [31],1.A.G.1.:1.A.C.31.	31	4	0	0	1	1	1	GUGCGAAGGGACGGUGCGGAGAGGAGAGCAC	((((.......................))))	((((.......................))))
5WTK [31],1.B.C.2.:1.B.A.32.	31	4	0	1	1	0.8	0.889	CACCCCAAUAUCGAAGGGGACUAAAACGACA	.(((((.........))))..).........	..((((.........))))............
7OZQ [31],1.F.G.1.:1.F.A.31.	31	8	1	0	0.889	1	0.941	GUACUAGAUUGGUCGAAAGGCUAAUUGAUGA	......((((((((....)))))))).....	.(....((((((((....))))))))....)
7PKT [32],1.1.U.150.:1.1.A.181.	32	6	0	0	1	1	1	UAUGCCUUUUGGCAUAUGAUUACACUUCGUUA	((((((....))))))................	((((((....))))))................
2DR5 [32],1.B.G.1.:1.B.A.32.	32	9	3	1	0.75	0.9	0.818	GGCCCGGGGCGGUUCGAUUCCGCCCUGGGCCA	(((((.(.((((.......))).)).))))).	((((((((((((.......)))))))))))).
7OZQ [32],1.E.G.1.:1.E.C.32.	32	8	2	0	0.8	1	0.889	GUACUAGAUUGGUCGAAAGGCUAAUUGAUGAC	......((((((((....))))))))......	((....((((((((....))))))))....))
2DR7 [33],1.B.G.1.:1.B.C.33.	33	12	0	0	1	1	1	GGCCCGGGGCGGUUCGAUUCCGCCCUGGGCCAC	((((((((((((.......))))))))))))..	((((((((((((.......))))))))))))..
2OZB [33],1.C.A.20.:1.C.U.52.	33	8	2	2	0.8	0.8	0.8	AUCGUAGCCAAUGAGGUUUAUCCGAGGCGCGAU	(((((.(((.....((.....))..))))))))	(((((.(((...((......))...))))))))
7REX [33],1.B.U.1.:1.B.A.33.	33	5	0	0	1	1	1	UGUGGUUCGCAACCAUCCCACAUAAAAAAACUA	(((((............)))))...........	(((((............)))))...........
3GCA [33],1.A.C.1.:1.A.G.33.	33	5	0	2	1	0.714	0.833	CUGGGUCGCAGUAACCCCAGUUAACAAAACAAG	(((((...[.[....))))).........]..]	(((((..........))))).............
8D28 [33],1.A.G.1.:1.A.C.33.	33	9	1	0	0.9	1	0.947	GGCGAUACCAGCCGAAAGGCCCUUGGCAGCGCC	((((...((.(((....)))....))...))))	((((...((((((....)))...)))...))))
6QW6 [33],1.5.C.85.:1.5.A.117.	33	8	3	0	0.727	1	0.842	CCAAUUUUUUGAGGCCUUGCUUUGGCAAGGCUA	............((((((((....)))))))).	.(((....))).((((((((....)))))))).
4OOG [34],1.D.C.1.:1.D.C.34.	34	14	0	0	1	1	1	CAUGUCAUGUCAUGAGUCCAUGGCAUGGCAUGGC	((((((((((((((....))))))))))))))..	((((((((((((((....))))))))))))))..
2DR9 [34],1.B.G.1.:1.B.C.34.	34	12	0	0	1	1	1	GGCCCGGGGCGGUUCGAUUCCGCCCUGGGCCACC	((((((((((((.......))))))))))))...	((((((((((((.......))))))))))))...
1MJI [34],1.C.G.26.:1.C.C.59.	34	9	0	1	1	0.9	0.947	GGCACCUGACCCCAUGCCGAACUCAGAAGUGCCC	(((((((((...(.....)...))))..))))).	(((((((((.............))))..))))).
8FB3 [34],1.A.U.1.:1.A.G.34.	34	5	0	1	1	0.833	0.909	UGUGGUUCGCAACCAUCCCACAUAAAAAAACUAG	(((((....[.......)))))...........]	(((((............)))))............
8D29 [34],1.C.G.1.:1.C.C.34.	34	6	0	5	1	0.545	0.706	GGCGAUACCAGCGAAACACGCCCUUGGCAGCGUC	((((.(.((((((.....)))...))).).))))	((((...((................))...))))
7QEP [34],1.1.U.1263.:1.1.U.1296.	34	5	5	4	0.5	0.556	0.526	UCUGCUGCGGAUUGUUAUGAUGCGAAGCAGCGAU	((.(((((...((.....))......))))))).	..((((((...((((......)))).))))))..
2DRB [35],1.B.G.1.:1.B.A.35.	35	12	0	0	1	1	1	GGCCCGGGGCGGUUCGAUUCCGCCCUGGGCCACCA	((((((((((((.......))))))))))))....	((((((((((((.......))))))))))))....
3R9X [35],1.C.C.1506.:1.C.U.1540.	35	9	1	1	0.9	0.9	0.9	CAACCGUAGGGGAACCUGCGGUUGGAUCACCUCCU	(((((((((.(...))))))))))...........	((((((((((....))))))))))...........
5DE5 [35],1.A.G.1.:1.A.C.35.	35	5	1	2	0.833	0.714	0.769	GCUGCGGUGUGGAAGGAGUGGCUGGGUUGCGCAGC	(((((.((....................)))))))	((((((.......................))))))
6CF2 [35],1.G.G.1.:1.G.C.35.	35	12	0	0	1	1	1	GGCUGGACUCGUACUUCGGUACUGGAGAAACAGCC	(((((..(((((((....))))..)))...)))))	(((((..(((((((....))))..)))...)))))
6E80 [35],1.A.G.2.:1.A.C.36.	35	4	5	3	0.444	0.571	0.5	GCGCGAGGAAGGAGGUCUGAGGAGGUCACUGCGCC	((((...(........).((.....))...)))).	(((((..((......((....))..))..))))).
4C4W [35],1.D.G.1.:1.D.C.35.	35	8	2	0	0.8	1	0.889	GAGCAAGAGCCAUUGCACUCCGGUUUGAUGACCUC	(((...(((((..........)))))......)))	(((((.(((((..........)))))..))..)))
4FNJ [35],1.A.C.1.:1.A.G.35.	35	11	0	1	1	0.917	0.957	CUGCUGGCUAAGGCAUGAAAGUGCUAUGCCUGCUG	(.((.(((..((((((....))))).)))).)).)	(.((.(((...(((((....)))))..))).)).)
6C65 [35],1.C.C.2.:1.C.G.36.	35	3	2	0	0.6	1	0.75	CGUACGAAGGAGAGGAGAGGUAGAGGAGAGUACGG	..(((........................)))...	(((((........................))))).
5W1I [35],1.D.A.-27.:1.D.U.7.	35	4	0	1	1	0.8	0.889	AAGAUAGCCCAAGAAAGAGGGCAAUAACCAGAUAU	.....(((((........))))..)..........	......((((........)))).............
1DDY [35],1.A.G.1.:1.A.A.35.	35	3	1	5	0.75	0.375	0.5	GGAACCGGUGCGCAUAACCACCUCAGUGCGAGCAA	......[[[.{((....((]]]...).).}.))..	......((((........)))).............
4X4P [36],1.B.G.1.:1.B.C.36.	36	12	0	0	1	1	1	GGCCGCGGCAGGUUCGAGUCCUGCCGCGAUCGCCAC	((((((((((((.......)))))))))...)))..	((((((((((((.......)))))))))...)))..
2HW8 [36],1.B.G.2.:1.B.C.37.	36	12	0	0	1	1	1	GGGGUGAAGGAGGCUUCGGCCGCGAAACUUCACCCC	(((((((((..(((....)))......)))))))))	(((((((((..(((....)))......)))))))))
6E8T [36],1.A.G.1.:1.A.C.36.	36	7	0	0	1	1	1	GUACGAAGGAAGGUUUGGUAUGUGGUAUAUUCGUAC	(((((((......................)))))))	(((((((......................)))))))
6E84 [36],1.A.G.1.:1.A.C.36.	36	5	5	3	0.5	0.625	0.556	GGCGCGAGGAAGGAGGUCUGAGGAGGUCACUGCGCC	(((((...(........).((.....))...)))))	((((((..((......((....))..))..))))))
3VJR [36],1.B.G.1.:1.B.A.36.	36	12	0	0	1	1	1	GGGGGCUAAGCGGUUCGAUCCCGCUUAGCUCCACCA	.((((((((((((.......))))))))))))....	.((((((((((((.......))))))))))))....
6SY6 [36],1.D.G.2.:1.D.G.37.	36	5	1	0	0.833	1	0.909	GCGGAGAAUGUUAUGGCCUUCGGGCAGAGAAAACCG	..((...........(((....)))........)).	.(((...........(((....)))........)))
7OYB [36],1.22.A.139.:1.22.U.174.	36	6	1	0	0.857	1	0.923	ACUUGGAUAACUGUGGCAAUUCCAGAGCUAAUACAU	....(.....((.(((.....))).))......)..	...((.....((.(((.....))).))......)).
1I6U [37],1.C.G.1.:1.C.C.37.	37	13	2	2	0.867	0.867	0.867	GGGCCCGGUAAGUCUCUUCGGAGAUACUGCCGGGCCC	(((((((((.((((((....))))..)))))))))))	((((((((((.(((((....)))))..))))))))))
6E8U [37],1.B.G.1.:1.B.C.37.	37	6	0	1	1	0.857	0.923	GUACGAAGGAAGGUUUGGUAUGGGGUAGUUGUCGUAC	((((((....(..................).))))))	((((((.........................))))))
6DTD [37],1.C.U.1.:1.C.C.37.	37	11	0	1	1	0.917	0.957	UGUUGCAUCUGCCUUCUUUUUGAAAGGUAAAAACAAC	.((((..(.(((((((.....).)))))).)..))))	.((((....(((((((.....).))))))....))))
7OYC [37],1.22.A.138.:1.22.G.174.	37	7	1	0	0.875	1	0.933	ACUUGGAUAACUGUGGUAAUUCUAGAGCUAAUACAUG	...((.....((.(((.....))).))......))..	.(.((.....((.(((.....))).))......)).)
7D8O [37],1.B.A.-3.:1.B.A.33.	37	0	10	7	0	0	0	AUUUAGGUGAUUUGCUACCUUUAAGUGCAGCUAGAAA	....((((....[[[.))))......]]]........	.(((((.((....(((.......))).)).)))))..
5W1I [37],1.B.A.-27.:1.B.G.9.	37	4	0	1	1	0.8	0.889	AAGAUAGCCCAAGAAAGAGGGCAAUAACCAGAUAUAG	.....(((((........))))..)............	......((((........))))...............
1ZHO [38],1.B.G.1.:1.B.C.38.	38	13	0	0	1	1	1	GGGAGUGAAGGAGGCUUCGGCCGCGAAACUUCACUCCC	((((((((((..(((....)))......))))))))))	((((((((((..(((....)))......))))))))))
4PDB [38],1.I.G.1.:1.I.C.38.	38	12	2	2	0.857	0.857	0.857	GGGAUGCUCAGUGAUCCUUCGGGAUAUCAGGGCAUCCC	(((((((((...(((((....)))..)).)))))))))	(((((((((.(..((((....))))..).)))))))))
6E8S [38],1.A.G.1.:1.A.C.38.	38	8	0	0	1	1	1	GCUACGAAGGAAGGAUUGGUAUGUGGUAUAUUCGUAGC	((((((((......................))))))))	((((((((......................))))))))
2ZY6 [38],1.A.G.1.:1.A.C.38.	38	7	6	2	0.538	0.778	0.636	GCCCGGAUAGUGUCCUUGGGAAACCGAGUCCGGGCACC	(((((((..(.(...........))...)))))))...	((((((((.((.(((...))).))...))))))))...
6D12 [38],1.C.G.303.:1.C.C.340.	38	0	12	13	0	0	0	GGGCUGCAUGUGGCAGCUCGGGCUGCAUGUGGCAGCUC	(((((((.....)))))))(.(((((.....))))).)	(((((((.....(((((....))))).....)))))))
6ID0 [38],1.H.G.147.:1.H.C.184.	38	10	1	0	0.909	1	0.952	GCAUCGACCUGGUAUUGCAGUACCUCCAGGAACGGUGC	(((.((.(((((.............)))))..)).)))	((((((.(((((.............)))))..))))))
4KR6 [39],1.C.G.1.:1.C.A.39.	39	11	1	1	0.917	0.917	0.917	GCCCGGAUAGUGUCCUUGGGAAACCAAGUCCGGGCACCA	((((((((.......((((....))))))))))))....	(((((((.......(((((....))))))))))))....
7QH7 [39],1.A.C.2944.:1.A.C.2982.	39	8	3	0	0.727	1	0.842	CAAUCCUAUUCUAGAGUCCAUAUCAACAAUAGGGUUUAC	....((((((...((.......))...))))))......	.(((((((((...((.......))...)))))))))...
7WTZ [40],1.2.G.1345.:1.2.C.1384.	40	8	3	3	0.727	0.727	0.727	GUUGGUGGAGCGAUUUGUCUGGUUAAUUCCGAUAACGAAC	(((.(((((....)))..(.((......)))...)).)))	(((.((.........((((.((......)))))))).)))
4Y1M [40],1.A.U.34.:1.A.C.73.	40	10	4	0	0.714	1	0.833	UGUACGUGUCAACAUUUUCGUUGAAAAACGUGGCACGUAC	....(((((((.......(((......))))))))))...	.((((((((((.......((((....))))))))))))))
7VTI [40],1.B.G.-3.:1.B.C.36.	40	10	0	2	1	0.833	0.909	GUAUGCUGGAGCAGCCCCCGAUUUGUGGGGUGAUUACAGC	....(((((...(((((((.....).)))))..)).))))	....((((.....((((((.....).))))).....))))
4M6D [41],1.B.G.10.:1.B.C.50.	41	6	3	4	0.667	0.6	0.632	GCGGCUAAAGAGUGCAGAGUUACUUAGUUCACUGCAGACGC	..(.((.......((((.(.(.[..)]..).)))))).)..	(((.........(((((.(..........).)))))..)))
5M0H [42],1.A.G.1.:1.A.C.42.	42	15	0	0	1	1	1	GAUAACUGAAUCGCUAAGGAUGAAAGUCUAUGCGACAUUAUC	(((((.((..((((...((((....))))..)))))))))))	(((((.((..((((...((((....))))..)))))))))))
8C01 [42],1.2.G.1288.:1.2.A.1329.	42	5	6	6	0.455	0.455	0.455	GUUGGUGGAGUGAUUUGUCUGCUUAAUUGCGAUAACGAACGA	(((.(((((....)))..(.((......)))...)).)))..	(((.((...((((((.........))))))....)).)))..
4M6D [42],1.D.G.9.:1.D.C.50.	42	8	1	4	0.889	0.667	0.762	GGCGGCUAAAGAGUGCAGAGUUACUUAGUUCACUGCAGACGC	.(((.((.......((((.(.(.[..)]..).)))))).)))	.(((.........(((((.(..........).)))))..)))
5W1H [42],1.B.A.-28.:1.B.C.-1.,1.B.C.1.:1.B.G.14.	42	4	4	1	0.5	0.8	0.615	AAGAUAGCCCAAGAAAGAGGGCAAUAACCAGAUAUAGCCUGG	.....(((((........))))..).................	......((((........)))).....((((.......))))
4M6D [43],1.L.G.9.:1.L.C.51.	43	7	3	4	0.7	0.636	0.667	GGCGGCUAAAGAGUGCAGAGUUACUUAGUUCACUGCAGACGCC	.(((.((.......((.(.(.(.[..)]..).).)))).))).	((((.........(((((.(..........).)))))..))))
5BTM [43],1.A.U.8.:1.A.U.50.	43	9	0	3	1	0.75	0.857	UAUUCUAUCGGCUAAGGAUGAAAGUCUAUGCCGAUUCUAUUCU	.((...((((((...((((....))))..))))))...))...	......((((((....(((....)))...))))))........
5WLH [43],1.B.G.-29.:1.B.C.-1.,1.B.C.1.:1.B.G.14.	43	4	4	1	0.5	0.8	0.615	GAAGAUAGCCCAAGAAAGAGGGCAAUAACCAGAUAUAGCCUGG	......(((((........))))..).................	.......((((........)))).....((((.......))))
5O7H [43],1.A.C.1.:1.A.C.43.	43	5	0	0	1	1	1	CUUAGAAAGCAAACCUAUAACCGUUCACCGCCGCACAGGCGGC	...........................(((((.....))))).	...........................(((((.....))))).
7PMM [44],1.D.G.1.:1.D.U.44.	44	15	0	2	1	0.882	0.938	GGGAACCCUUCCCAAUAUGGCUGUUCGCCAUUUCGGGAAGGGUU	...((((((((((((.(((((.....))))))).))))))))))	...((((((((((...(((((.....)))))...))))))))))
6ZU5 [45],1.L50.G.1361.:1.L50.C.1405.	45	9	7	2	0.562	0.818	0.667	GCGGCCCGCCUGCGGACUCUUGCAGCACGAGGCAGCCCGCGCCGC	(((((..(.((((...(.......)......)))).)...)))))	(((((.((.((((...(((.((...)).)))))))..)).)))))
6D3P [45],1.A.G.1.:1.A.C.45.	45	7	2	2	0.778	0.778	0.778	GGGCGUAACCUCCAUCCGAGUUGCAAGAGAGGGAAACGCAGUCUC	..((((..(((((.............).))))...))))......	..(((...((((..((..........))))))....)))......
6AAY [45],1.B.A.15.:1.B.A.59.	45	10	2	0	0.833	1	0.909	AAAUGAAAGUUGGAACUGCUCUCAUUUUGGAGGGUAAUCACAACA	........((((.....((((((......)))))).....)))).	........((((..(.(((((((......))))))).)..)))).
2NUE [46],1.C.G.1.:1.C.C.46.	46	21	0	0	1	1	1	GGGACAAGCGCAAGGUCAUUCGCAAGAGUGGCCUUGCGCUUGUCCC	(((((((((((((((((((((....)))))))))))))))))))))	(((((((((((((((((((((....)))))))))))))))))))))
3IAB [46],1.R.G.59.:1.R.C.104.	46	12	0	0	1	1	1	GGACUCAGUAAUAUGCUUUGGAAACGAAGCUUACAAAAUGGAGUCC	((((((........((((((....))))))..........))))))	((((((........((((((....))))))..........))))))
7QEP [46],1.3.G.480.:1.3.A.525.	46	7	0	7	1	0.5	0.667	GUAUGUCUUUGUGUGUGAUGUUUGUGGUUGUGUGUGGAUGUAGUGA	.(((((((....(((((((.......)))))))..)))))))....	.(((((((...........................)))))))....
7CPU [46],1.S2.A.141.:1.S2.C.186.	46	6	4	0	0.6	1	0.75	ACUUGGAUAACUGUGGUAAUUCUAGAGCUAAUACAUGCCGACGGGC	...((.....((..((.....))..))......))...........	...((.....((.(((.....))).))......)).(((....)))
7ZJW [46],1.S.C.1110.:1.S.A.1155.	46	4	9	2	0.308	0.667	0.421	CAUGACGGUCUGCCUGAAAACCAGCCCGCUGGUGGGGCAGUCCCGA	......((.(..........(((......))).......).))...	.....(((.(((((.....(((((....)))))..)))))..))).
1S03 [47],1.A.G.1.:1.A.C.47.	47	16	3	2	0.842	0.889	0.865	GGACGAUGGCGAAACUGCAUGAGGCAAUUCAUGCAAGUCCCUCGUCC	((((((.((.((..((((((((......)))))).))))))))))))	((((((.((.(..((((((((((....)))))))).)))))))))))
2PXL [47],1.B.G.130.:1.B.U.176.	47	13	0	1	1	0.929	0.963	GCGGGUGUUUACCAGGUCAGGUCCGAAAGGAAGCAGCCAAGGCACUU	..((((((((....(((....(((....)))....))).))))))))	...(((((((....(((....(((....)))....))).))))))).
7PO4 [47],1.A.C.2493.:1.A.A.2539.	47	11	2	0	0.846	1	0.917	CCUGUUUACCAAAAACAUCACCUCUAGCAUCACCAGUAUUAGAGGCA	..(((((.....)))))...((((((.............))))))..	..(((((.....)))))...((((((((.......))..))))))..
4C7O [48],1.E.U.0.:1.E.A.47.	48	14	6	6	0.7	0.7	0.7	UGUUGGUUCUCCCGCAACGCGGAAGCGUGUGCCGGGAUGUAGCUGGCA	((((((((((((((((((((....)))).))).)))).).))))))))	(((((((((((((((.(((((....)))))).))))).).))))))))
2VPL [48],1.B.G.2.:1.B.C.49.	48	16	1	0	0.941	1	0.97	GGAGUGAAGGAGGCUCGCGAACUCGCGAAGCCGAGAAACUUCACUCCC	(((((((((..(((((((......))).))))......))))))))).	(((((((((..((((((((....)))).))))......))))))))).
6SPF [48],1.a.C.1060.:1.a.C.1107.	48	12	1	0	0.923	1	0.96	CAGCUCGUGUCGUGAGAUGUUGGGUUAAGUCCCGUAACGAGCGCAACC	..(((((((((....)))...(((......)))...))))))......	..(((((((((....)))..((((......))))..))))))......
7OS0 [48],1.D.C.7.:1.D.G.54.	48	6	2	0	0.75	1	0.857	CAUCACCGCCAAGACGACGGCGGACUGAACCUUCAUUACCUCUGUUUG	....((((((........)))))..)......................	..((((((((........)))))..)))....................
7EOI [49],1.A.G.1.:1.A.C.49.	49	15	0	1	1	0.938	0.968	GGCGCACUGGCGCUGCGCCUUCGGGCGCCAAUCGUAGCGUGUCGGCGCC	(((((.(..((((((((((....))))).......)))))...))))))	(((((....((((((((((....))))).......)))))....)))))
7D81 [50],1.A.G.1.:1.A.C.50.	50	17	0	0	1	1	1	GGUUUCAACAUCCCCGUUCGGCGCUCGAAAGAGGUGGCCGGACUGAAGCC	(((((((........(((((((.(((....)))...))))))))))))))	(((((((........(((((((.(((....)))...))))))))))))))
6IV9 [50],1.B.C.-30.:1.B.C.-1.,1.B.U.1.:1.B.A.20.	50	8	1	1	0.889	0.889	0.889	CACUGGUGCAAAUUUGCACUAGUCUAAAACUCCUCGAUUACAUACACAAA	.(((((((((....))))))))..).........................	.(((((((((....)))))))))...........................
6TB7 [52],1.A.G.1.:1.A.C.52.	52	10	5	10	0.667	0.5	0.571	GGCUUCAACAACCCCGUAGGUUGGGCCGAAAGGCAGCGAAUCUACUGGAGCC	(((((((.....[[.((((((((.(((....))).])]))))))))))))))	(((((((.(((((.....))))).(((....)))...........)))))))
6VRB [52],1.B.G.1.:1.B.G.52.	52	4	1	1	0.8	0.8	0.8	GACUACCUCUAUAUGAAAGAGGACUAAAACCAUAUUUCCAAACUCCACUUUG	....(((((.........))))..)...........................	.....(((((.......)))))..............................
3VRS [52],1.A.G.1.:1.A.G.52.	52	5	7	10	0.417	0.333	0.37	GGGCGAUGAGGCCCGCCCAAACUGCCCUGAAAAGGGCUGAUGGCCUCUACUG	.[[[[..((((((]]]]......(((((....)))))....)))))).....	((((......))))(((......(((((....)))))....)))........
6IV8 [53],1.D.C.-30.:1.D.C.-1.,1.D.U.1.:1.D.A.23.	53	8	1	1	0.889	0.889	0.889	CACUGGUGCAAAUUUGCACUAGUCUAAAACUCCUCGAUUACAUACACAAAGCA	.(((((((((....))))))))..)............................	.(((((((((....)))))))))..............................
6LAS [55],1.A.G.1.:1.A.C.55.	55	16	1	0	0.941	1	0.97	GGCAUUGUGCCUCGCAUUGCACUCCGCGGGGCGAUAAGUCCUGAAAAGGGAUGUC	((((((..(((((((..........))))))).......(((....)))))))))	((((((.((((((((..........))))))))......(((....)))))))))
8HB8 [55],1.A.G.1.:1.A.A.55.	55	5	5	8	0.5	0.385	0.435	GCGGCGUUGCGUCCGAAAGUCUAAACAGACACGGCCGCUUAAAAACAAAAGGAGA	((((((...[.[[[....(((......))).).)))))............]]]].	(((((((...(((..............)))))).)))).................
1MZP [55],1.B.G.1.:1.B.C.55.	55	13	0	1	1	0.929	0.963	GGGAUGCGUAGGAUAGGUGGGAGCCGCAAGGCGCCGGUGAAAUACCACCCUUCCC	((((.(......[..(((((..(((....)))..........].)))))).))))	((((.(.........(((((..(((....)))............)))))).))))
4K27 [55],1.U.G.1.:1.U.C.55.	55	15	0	2	1	0.882	0.938	GCCCCUGCCUGCCUGCAGCUAAGGAUGAAAGUCUAUGCUGCCUGCCUGCCUGGGC	((((..((..((..(((((...((((....))))..)))))..))..))..))))	((((......((..(((((...((((....))))..)))))..))......))))
7QH7 [56],1.A.A.3113.:1.A.C.3168.	56	12	2	3	0.857	0.8	0.828	AUUCCUCCCUGUACGAAAGGACAAGAGAAAUAAGGCCUACUUCACAAAGCGCCUUC	(((.(((......(....).....))).)))(((((...(((....))).))))).	....(((..((..(....)..)).)))....(((((...(((....))).))))).
1DK1 [57],1.B.G.1.:1.B.C.57.	57	18	1	1	0.947	0.947	0.947	GGGCGGCCUUCGGGCUAGACGGUGGGAGAGGCUUCGGCUGGUCCACCCGUGACGCUC	((((.(((....)))..(((((((((...(((....)))..))))).)))..)))))	((((((((....)))...((((((((...(((....)))..))))).)))..)))))
1MMS [58],1.C.G.1051.:1.C.C.1108.	58	13	3	1	0.812	0.929	0.867	GCUGGGAUGUUGGCUUAGAAGCAGCCAUCAUUUAAAGAGUGCGUAACAGCUCACCAGC	(((((.(((..(((.........)))..))).....(...((......)).).)))))	(((((((((.((((.........)))).))))......(.((......)).).)))))
6XJQ [58],1.A.G.1.:1.A.C.58.	58	17	0	1	1	0.944	0.971	GGCCGCUCCAGAAGAGGGCCCCCUUGCCCGUUAUCGGGGGCUAGGCUCGAUGUCGGCC	(((((...((...((((((((((..(........))))))))...)))..)).)))))	(((((...((...((((((((((............)))))))...)))..)).)))))
4M4O [59],1.B.G.1.:1.B.C.59.	59	16	1	4	0.941	0.8	0.865	GGGUUCAUCAGGGCUAAAGAGUGCAGAGUUACUUAGUUCACUGCAGACUUGACGAACCC	((((((.(((((.((.......((((.(.(.[..)]..).)))))).))))).))))))	((((((.(((((.........(((((.(..........).)))))..))))).))))))
6DB8 [60],1.R.G.1.:1.R.C.60.	60	14	4	5	0.778	0.737	0.757	GGAUGCGCCUUGAAAAGCCUGCGAAACACGCAGCUGGUGAAUGACAGCUAUGGCGCAUCC	(((((((((..(.....[).(((.....)))(((((......].)))))..)))))))))	(((((((((.......((.((.....)).))(((((........)))))..)))))))))
7ELM [60],1.J.C.1.:1.J.G.60.	60	0	16	5	0	0	0	CUAAGAAAUUCACGGCGGGCUUGAUGUCCGCGUCUACCUGGUUCACUGCCGUGUAGGCAG	.............................................(((((.....)))))	..............((((((.....))))))((((((.((((.....)))).))))))..
5DDP [61],1.A.C.1.:1.A.G.61.	61	16	0	1	1	0.941	0.97	CGUUGACCCAGGAAACUGGGCGGAAGUAAGGUCCAUUGCACUCCGGGCCUGAAGCAACGCG	(((((.(((((....)))))..[.....((((((..........))))))....)))))].	(((((.(((((....)))))........((((((..........))))))....)))))..
4U7U [61],1.L.A.1.:1.L.G.61.	61	6	6	0	0.5	1	0.667	AUAAACCGGGCUCCCUGUCGGUUGUAAUUGAUAAUGUUGAGAGUUCCCCGCGCCAGCGGGG	.............................................((((((....))))))	...((((((........))))))......................((((((....))))))
6V9Q [61],1.K.C.1.:1.K.A.61.	61	0	18	5	0	0	0	CUGAUAACUUACAGGACGCUUUGGCUUCAUUGCUUUUCAGGUGAACUGCCGAGUAGGUAGA	.............................................(((((.....))))).	(((...((((.(((..(((((.(((......)))....)))))..)))..))))...))).
7TAW [61],1.M.C.1.:1.M.C.61.	61	4	7	0	0.364	1	0.533	CUAAGAAAUUCACGGCGGGCUUGAUGUCCGCGUCUACCUGAUUCACUGCCGUAUAGGCAGC	..............................................((((.....))))..	..............((((((.....))))))..............(((((.....))))).
6RFL [63],1.U.C.5.:1.U.G.67.	63	17	1	1	0.944	0.944	0.944	CCAUGGUGUAAUGGUUAGCACUCUGGACUUUGAAUCCAGCGAUCCGAGUUCAAAUCUCGGUGG	(((..((((....[...)))).(((((.......)))))....(((((..]....))))))))	(((.(((((........)))))(((((.......)))))....(((((.......))))))))
4XW7 [64],1.A.G.1.:1.A.A.64.	64	14	4	5	0.778	0.737	0.757	GGGUCGUGACUGGCGAACAGGUGGGAAACCACCGGGGAGCGACCCUUGCCGCCCGCCUGGGCAA	(((((((..((........(((((....))))).))..)))))))(((((.........)))))	(((((((..((........(((((....))))).))..))))))).....((((....))))..
3EGZ [65],1.B.G.1.:1.B.C.65.	65	17	0	0	1	1	1	GAGGGAGAGGUGAAGAAUACGACCACCUAGGUACCAUUGCACUCCGGUACCUAAAACAUACCCUC	(((((...((((...........))))((((((((..........)))))))).......)))))	(((((...((((...........))))((((((((..........)))))))).......)))))
6ZDQ [65],1.C.G.1259.:1.C.C.1261.,1.C.A.1263.:1.C.G.1286.,1.C.U.1288.:1.C.U.1322.,1.C.G.1324.:1.C.C.1326.	65	15	4	3	0.789	0.833	0.811	GGCAAGGGCUUCCCGAAUUGUGGAUAGUUCAAUACUCGAAAAAAUUGGAAGUAGGGUAUGUUGCC	((((.((((((((........))).))))).((((((................))))))..))))	((((((((((..(((.....)))..))))).((((((................)))))).)))))
5E54 [65],1.A.G.13.:1.A.U.77.	65	12	3	8	0.8	0.6	0.686	GGGAAGAUAUAAUCCUAAUGAUAUGGUUUGGGAGUUUCUACCAAGAGCCUUAAACUCUUGAUUAU	......(((...((((((......[[.))))))((.{..))((((((]].....))))))}.)))	....(((.....((((((.........))))))...)))..((((((.......)))))).....
7LYJ [66],1.A.C.1.:1.A.U.66.	66	21	0	5	1	0.808	0.894	CGGUGUAAGUGCAGCCCGUCUUACACCGUGCGGCACAGCGGAAACGCUGAUGUCGUAUACAGGGCU	(((((((((...[[[[[..)))))))))((((((((((((....))))).)))))))....]]]]]	(((((((((..........)))))))))((((((((((((....))))).))))))).........
8A22 [66],1.A5.C.12.:1.A5.U.77.	66	6	11	5	0.353	0.545	0.429	CAAACAACCAGGAGGUGGGCUUGGAAGCAGCCAUCCUUUGAAGAAAGCGUAAUAGCUCUGCUUUUU	.....((.....(((..(((.........)))..))).....(...((......)).).....)).	..........(((((..(((.((....)))))..)))))...(((((((.........))))))).
7ENI [66],1.B.A.9.:1.B.C.74.	66	16	1	0	0.941	1	0.97	AUUUCUAUUUACGUUUUAGUACUCUGGAAACAGAAUCUACUAAAACAAGGCAAAAUGCCGUGUUUC	............(((((((((.((((....))))...)))))))))..(((.....))).......	............(((((((((.((((....))))...)))))))))..((((...)))).......
3RKF [67],1.A.G.15.:1.A.C.81.	67	20	0	4	1	0.833	0.909	GGCCAUAUAACUGCGUGGAUAUAGCACGCAGGUUUCUACCGGGCACUGUAAAUGUCCGACUAUGGUC	((((((((..(((((((.....[[)))))))[.....)]((((((]].....))))))..)))))))	(((((((...(((((((.......)))))))........((((((.......))))))..)))))))
6U8D [68],1.A.G.143.:1.A.U.174.,1.A.C.177.:1.A.G.180.,1.A.G.198.:1.A.A.201.,1.A.C.219.:1.A.G.222.,1.A.A.225.:1.A.C.248.	68	26	0	1	1	0.963	0.981	GGGUCUCGCGGAACCGGUGAGUACACCGGAAUCCAGGAAACUGGAUUUGGGCGUGCCCCCGCGAGACC	.((((((((((..((((((....))))))(((((((....))))))).((((..))))))))))))))	.((((((((((..((((((....))))))(((((((....))))))).(((....)))))))))))))
8CSS [68],1.A.C.1491.:1.A.A.1558.	68	14	0	4	1	0.778	0.875	CACCCUCCUCAAGUAUACUUCAAAGGACAUUUAACUAAAACCCCUACGCAUUUAUAUAGAGGAGACAA	....((((((..(((((..((..(((....((.....))...)))..).)..))))).))))))....	....((((((..(((((......(((................))).......))))).))))))....
4PQV [68],1.A.G.1.:1.A.U.68.	68	5	10	16	0.333	0.238	0.278	GGGUCAGAUCGGCGAAAGUCGCCACUUCGCCGAGGAGUGCAAUCUGUGAGGCCCCAGGAGGACUGGGU	..[.(((((((((....)))).((((((.....))))))].)))))......(((((.....))))).	........((((((.((((....))))))))))...................(((((.....))))).
5OB3 [69],1.A.G.1.:1.A.C.69.	69	19	2	2	0.905	0.905	0.905	GGGAGUACGGUGAGGGUCGGGUCCAGUAGGUACGCCUACUGUUGAGUAGAGUGUGGGCUCCGUACUCCC	((((((((((.(.....(...(((((((((....)))))))..)).........)..).))))))))))	((((((((((......((...(((((((((....)))))))..))...)).........))))))))))
7QR4 [69],1.B.G.1.:1.B.U.69.	69	7	13	14	0.35	0.333	0.341	GGGGGCCACAGCAGAAGCGUUCACGUCGCAGCCCCUGUCAGCCAUUGCACUCCGGCUGCGAAUUCUGCU	[[[[[[...((((((((((.......))).]]]]]]..(((((..........)))))....)))))))	.........((((((((((....)))(((((((...(((.......).))...)))))))..)))))))
5UD5 [70],1.C.G.1.:1.C.C.7.,1.C.U.9.:1.C.U.15.,1.C.G.18.:1.C.G.47.,1.C.C.49.:1.C.C.74.	70	23	0	1	1	0.958	0.979	GGAAACCUGAUCAUGUAGAUCGAAUGGACUCUAAAUCCGUUCAGCCGGGUUAGAUUCCCGGGGUUUCCGC	(((((((.((((...[.))))(((((((.......)))))))..(((((..]....))))))))))))..	(((((((.((((.....))))(((((((.......)))))))..(((((.......))))))))))))..
1KXK [70],1.A.G.1.:1.A.C.70.	70	20	6	3	0.769	0.87	0.816	GUCUACCUAUCGGGCUAAGGAGCCGUAUGCGAUGAAAGUCGCACGUACGGUUCUAUGCCCGGGGGAAAAC	.....(((..(((((...(((((((((((((((....)))))..))))))))))..))))))))......	((.(.((..((((((...(((((((((((((((....)))))..))))))))))..)))))).)).).))
1Y26 [71],1.X.C.13.:1.X.G.83.	71	21	0	4	1	0.84	0.913	CGCUUCAUAUAAUCCUAAUGAUAUGGUUUGGGAGUUUCUACCAAGAGCCUUAAACUCUUGAUUAUGAAGUG	((((((((((..((((((......[[.))))))[.....)]((((((]].....))))))..)))))))))	(((((((((...((((((.........))))))........((((((.......))))))..)))))))))
5TF6 [71],1.B.G.30.:1.B.C.100.	71	0	13	17	0	0	0	GGUCAAUUUGAAACAAUACAGAGAUGAUCAGCAGUUCCCCUGCAUAAGGAUGAACCGUUUUACAAAGAGAC	.(((..((((...................(((.((((.(((.....)))..)))).)))...))))..)))	(((((.((((........))))..))))).((((.....))))............................
5TPY [71],1.A.G.1.:1.A.G.71.	71	20	6	5	0.769	0.8	0.784	GGGUCAGGCCGGCGAAAGUCGCCACAGUUUGGGGAAAGCUGUGCAGCCUGUAACCCCCCCACGAAAGUGGG	..{.(((((((((....)))).((((((..[[[[...))))))}.)))))...]]]](((((....)))))	(((((((((((((....)))).((((((((.....))))))))..)))))..)))).(((((....)))))
4ZT0 [72],1.B.G.11.:1.B.U.82.	72	8	11	9	0.421	0.471	0.444	GAUGAGACGCGUUUUAGAGCUAGAAAUAGCAAGUUAAAAUAAGGCUAGUCCGUUAUCAACUUGAAAAAGUGU	..........((((((..((((....))))....))))))..(((..).)).......((((....))))..	((((.(((((.((.....((((....))))..........)).))..)))...)))).((((....))))..
4ZNP [73],1.A.G.1.:1.A.C.73.	73	16	1	5	0.941	0.762	0.842	GGGAUACAGGACUGGCGGAUUAGUGGGAAACCACGUGGACUGUAUCCGAAAAAAAGCCGACCGCCUGGGCAUC	.((((((((..(.[[[[[....((((....))))..)..))))))))........(((..]]]]]..)))...	.((((((((..(..........((((....))))..)..))))))))........(((.(.....).)))...
1SJ3 [73],1.R.U.100.:1.R.C.172.	73	14	0	8	1	0.636	0.778	UGGCCGGCAUGGUCCCAGCCUCCUCGCUGGCGCCGGCUGGGCAACACCAUUGCACUCCGGUGGUGAAUGGGAC	.(((((((...[[[[[[(((.[[.....))))))))))]]....((((..........)))).....]]]]]]	.(((((((.........(((........))))))))))......((((..........))))...........
5D8H [74],1.A.G.1151.:1.A.C.1224.	74	16	5	1	0.762	0.941	0.842	GCCUAAGACAGCGGGGAGGUUGGCUUAGAAGCAGCCAUCCUUUAAAGAGUGCGUAACAGCUCACCCGUCGAGGC	(((.......(((((.(((..(((.........)))..))).....(...((......)).).)))))...)))	((((..(...(((((((((.((((.........)))).))))......(.((......)).).)))))).))))
1SJF [74],1.B.A.99.:1.B.C.172.	74	14	0	8	1	0.636	0.778	AUGGCCGGCAUGGUCCCAGCCUCCUCGCUGGCGCCGGCUGGGCAACACCAUUGCACUCCGGUGGUGAAUGGGAC	..(((((((...[[[[[[(((.[[.....))))))))))]]....((((..........)))).....]]]]]]	..(((((((.........(((........))))))))))......((((..........))))...........
1G59 [75],1.B.G.501.:1.B.A.546.,1.B.C.548.:1.B.A.576.	75	21	1	1	0.955	0.955	0.955	GGCCCCAUCGUCUAGCGGUUAGGACGCGGCCCUCUCAAGGCCGAAACGGGGGUUCGAUUCCCCCUGGGGUCACCA	(((((((..((((....[...)))).(((((.......)))))....(((((..]....))))))))))))....	(((((((.(((((........)))))(((((.......)))))....(((((.......))))))))))))....
2CSX [75],1.C.G.1.:1.C.C.21.,1.C.A.21.A:1.C.C.74.	75	20	1	1	0.952	0.952	0.952	GGCGGCGUAGCUCAGCUGGUCAGAGCGGGGAUCUCAUAAGUCCCAGGUCGGAGGUUCGAGUCCUCCCGCCGCCAC	(((.(((..((((.....[...)))).(((((.......))))).....(((((..]....)))))))).)))..	(((((((..((((.........)))).(((((.......))))).....(((((.......))))))))))))..
7PKT [75],1.0.G.25.:1.0.A.99.	75	17	7	5	0.708	0.773	0.739	GGUGCUCGGUGAAACCGAGCAUCCAAUACUAAAGAAACUUUACUGGCUUAGUACUGGGACCCCAUUUUUAGUAUA	(.(((.(((.....))).))).)..((((((((((.......(((((...)..)))).......)))))))))).	((((((((((...))))))))))..((((((((((..(......).........(((....))))))))))))).
8CSQ [77],1.A.C.1488.:1.A.A.1564.	77	14	0	6	1	0.7	0.824	CGUCACCCUCCUCAAGUAUACUUCAAAGGACAUUUAACUAAAACCCCUACGCAUUUAUAUAGAGGAGACAAGUCGUA	((.....((((((..(((((..((..(((....((.....))...)))..).)..))))).))))))......))..	.......((((((..(((((......(((................))).......))))).))))))..........
2CKY [77],1.A.G.1.:1.A.C.77.	77	12	6	8	0.667	0.6	0.632	GGGACCAGGGGUGCUUGUUCACAGGCUGAGAAAGUCCCUUUGAACCUGAACAGGGUAAUGCCUGCGCAGGGAGUGUC	..((((((((..(((((....))))).........)))).....(((...((((......))))...)))..).)))	(((((.......(((((....))))).......)))))......((((..((((......))))..)))).......
6XU8 [77],1.A5.G.2820.:1.A5.U.2896.	77	15	7	0	0.682	1	0.811	GACAUAAGAGGUGUAGAAUAAGUGGGAGAUAUUAGACCUCGGUUUGGUAUCGUCAAUGAAAUACCACUACUCUUAUU	...(((((((.............((....((((((........))))))..............))....))))))).	...(((((((..........(((((..((((((((((....))))))))))............))))).))))))).
3AMT [78],1.B.G.1.:1.B.U.21.A,1.B.C.21.B,1.B.A.21.C:1.B.A.76.	78	21	1	1	0.955	0.955	0.955	GGGCCCGUAGCUUAGCCAGGUCAGAGCGCCCGGCUCAUAACCGGGCGGUCGAGGGUUCGAAUCCCUCCGGGCCCACCA	(((((((..((((......[...))))(((((.........)))))....(((((..]....))))))))))))....	(((((((..((((..........))))((((((.......))))))....(((((.......))))))))))))....
3U4M [80],1.B.G.2105.:1.B.C.2184.	80	18	6	4	0.75	0.818	0.783	GGGAUGCGUAGGAUAGGUGGGAGCCUGUGAACCCCCGCCUCCGGGUGGGGGGGAGGCGCCGGUGAAAUACCACCCUUCCC	((((.(......[..(((((..(((......((((((((....))))))))...)))..........].)))))).))))	((((.(.........(((((..(((.(((..((((((((....)))))))).....))).)))......)))))).))))
3AM1 [81],1.B.G.1.:1.B.C.81.	81	28	0	2	1	0.933	0.966	GGCGCGGGGUACCGGGCUUGGUAGCCCGGGGCUUCGGCCGAGGGCGAGAGCCCUCGGGGUUCGAUUCCCCCCCUGCGCCGC	(((((((((..(((((((..[.)))))))(((....)))((((((....))))))((((..]....)))))))))))))..	(((((((((..((((((......))))))(((....)))((((((....))))))((((.......)))))))))))))..
6JQ6 [81],1.U.U.1.:1.U.U.81.	81	18	6	1	0.75	0.947	0.837	UUACUGUGAGAAUCAGUAACAAACAUGUGGGGCUUAUAUCUAAUCUUCGGAUUAGUAUUAGUGCAGACGUUAAAACCAUGU	((((((.......))))))...........((((.(((.((((((....))))))))).))).).................	((((((.......))))))...(((((..(.(((.(((.((((((....))))))))).))).)............)))))
7UIN [81],1.B.A.401.:1.B.A.481.	81	0	19	22	0	0	0	AAUGUCUCGUAUUGCAGAAAUGACAACAUCUGCCGUAACCAAUCGGGUAAAAGGUGGUCAAAUCAAGCGAGACGGAAAGGA	......((((.((((.((..((((..(((((.(((........))).....)))))))))..))..)))).))))......	...(((((((.(((((....)).)))...(((((....((....))......))))).........)))))))........
2HOO [83],1.A.G.9.:1.A.A.91.	83	17	6	4	0.739	0.81	0.773	GCGACUCGGGGUGCCCUUCUGCGUGAAGGCUGAGAAAUACCCGUAUCACCUGAUCUGGAUAAUGCCAGCGUAGGGAAGUCGCA	((((((((((.((((............)))......)..)))).....(((...((((......))))...)))..)))))).	((((((((((....(((((.....)))))..........)))).....((((..((((......))))..))))..)))))).
6B14 [83],1.R.G.2.:1.R.C.84.	83	9	14	16	0.391	0.36	0.375	GACGCGACCGAAAUGGUGAAGGACGGGUCCAGUGCGAAACACGCACUGUUGAGUAGAGUGUGAGCUCCGUAACUGGUCGCGUC	((((((((((..((((.(.....(...(((((((((.....)))))))..)).........)..).))))..).)))))))))	(((((((((.....(((...((.........(((.....)))(((((.(.....).))))).....))...))))))))))))
4FRG [84],1.B.G.1.:1.B.A.84.	84	18	3	7	0.857	0.72	0.783	GGCCUAAAAGCAUAGUGGGAAAGUGACGUGAAAUUCGUCCAGAUGCGAAAGCAUACGGUUAUACUCCGAAUGCCACCUAGGCCA	((((((....[...((((....(.((((.......)))))[[((((....)))).(((.....]])))...])))).)))))).	((((((...((((...........((((.......))))...((((....)))).(((.......))).))))....)))))).
6GSJ [84],1.1H.G.2807.:1.1H.C.2889.,1.1H.G.2891.	84	21	4	3	0.84	0.875	0.857	GUAAGGACCCGGGAAGACCACCCGGUGGAUGGGCCGGGGGUGUAAGCGCCGCGAGGCGUUGAGCCGACCGGUCCCAAUCGUCCG	....(((((((((.......)))))....((((((((..((....(((((....)))))...))...))))).)))...)))).	....(((((((((.......))))).....(((((((.(((...((((((....))))))..)))..))))))).....)))).
7BOF [87],1.A.A.1408.:1.A.G.1494.	87	29	2	1	0.935	0.967	0.951	ACACCAUGGGAGUGGGUUGCAAAAGAAGUAGGUAGCUUAACCUUCGGGAGGGCGCUUACCACUUUGUGAUUCAUGACUGGGGUGAAG	.((((.(.(..((((((((((((....((((((.((((..((....)).))))))))))...))))))))))))..).).))))...	.((((..((..((((((((((((.(..((((((.((((..((....)).))))))))))..)))))))))))))..))..))))...
7EVO [88],1.H.G.97.:1.H.C.184.	88	19	4	0	0.826	1	0.905	GGAUUUUUGGAGCAGGGAGAUGGAAUAGGAGCUUGCUCCGUCCACUCCACGCAUCGACCUGGUAUUGCAGUACCUCCAGGAACGGUGC	...............(((..(((....((((....))))..))).)))..(((.((..((((.............))))...)).)))	...............((((.((((...((((....)))).))))))))..((((((.(((((.............)))))..))))))
3SD3 [89],1.A.G.1.:1.A.A.89.	89	16	9	14	0.64	0.533	0.582	GGAGAGUAGAUGAUUCGCGUUAAGCGUGUGUGAAUGGGAUGUCGUCACACAACGAAGCGAGAGCGCGGUGAAUCAUUGCAUCCGCUCCA	((((....((((((((((((......(((((((...[[[[[...))))))).....((....))))).))))))))).]]]]].)))).	((((....(((((((((((((...((((((((.............)))))).)).......)))))))...)))))).......)))).
4YB1 [91],1.R.G.8.:1.R.G.98.	91	19	2	6	0.905	0.76	0.826	GGGCACGCACAGAGCAAACCAUUCGAAAGAGUGGGACGCAAAGCCUCCGGCCUAAACCAUUGCACCUCGGUAGGUAGCGGGGUUACCGAUG	...((((......((...((((((....))))))..[))...(((.(((((((...((..........)).)))).]))))))...)).))	.............((...((((((....))))))...))..((((.((((((...(((..........))).)))..))))))).......
3ADB [92],1.C.G.1.:1.C.G.5.,1.C.C.5.A,1.C.C.5.B:1.C.U.16.,1.C.G.18.:1.C.U.20.,1.C.C.20.A:1.C.G.47.,1.C.C.47.A,1.C.C.47.B,1.C.C.47.C,1.C.C.47.D,1.C.G.47.E,1.C.A.47.F,1.C.G.47.G,1.C.U.47.H,1.C.G.47.I,1.C.G.47.J,1.C.G.47.K,1.C.G.47.L,1.C.C.47.M,1.C.G.47.N:1.C.C.48.,1.C.G.50.:1.C.C.64.,1.C.G.66.:1.C.C.67.,1.C.G.67.A,1.C.G.67.B:1.C.A.76.	92	31	0	2	1	0.939	0.969	GGCCGCCGCCACCGGGGUGGUCCCCGGGCCGGACUUCAGAUCCGGCGCGCCCCGAGUGGGGCGCGGGGUUCAAUUCCCCGCGGCGGCCGCCA	(((((((((..((((((..[.))))))((((((.......))))))(((((((....)))))))((((..]....)))))))))))))....	(((((((((..((((((....))))))((((((.......))))))((((((......))))))((((.......)))))))))))))....
3CUL [92],1.D.G.101.:1.D.A.192.	92	22	3	7	0.88	0.759	0.815	GGAUGGCGAAAGCCAUUUCCGCAGGCCCCAUUGCACUCCGGGGUAUUGGCGUUAGGUGGUGGUACGAGGUUCGAAUCCUCGUACCGCAGCCA	(((((((....)))))).)(((..(((((..........)))))....)))...(((.(((((((((((.......))))))))))).))).	(((((((....))))..)))((..(((((..........)))))....))........(((((((((((.......))))))))))).....
3IQP [94],1.A.G.1.:1.A.G.94.	94	25	0	6	1	0.806	0.893	GGCUUAUCAAGAGAGGUGGAGGGACUGGCCCGAUGAAACCCGGCAACCAGAAAUGGUGCCAAUUCCUGCAGCGGAAACGUUGAAAGAUGAGCCG	((((((((....(.(((...(((.[.[[)))......))))(((.((((....)))))))...(]].](((((....)))))..))))))))).	((((((((......(((...(((.....)))......))).(((.(((......))))))........(((((....)))))...)))))))).
6DVK [95],1.H.G.1.:1.H.A.95.	95	31	1	0	0.969	1	0.984	GUUGAUAUGGAUUUACUCCGAGGAGACGAACUACCACGAACAGGGGAAACUCUACCCGUGGCGUCUCCGUUUGACGAGUAAGUCCUAAGUCAACA	((((((..((((((((((...(((((((.....(((((....(((....)))....)))))))))))).......))))))))))...)))))).	((((((..((((((((((...(((((((.....(((((...((((....))))...)))))))))))).......))))))))))...)))))).
4L81 [96],1.A.G.1.:1.A.U.96.	96	26	2	5	0.929	0.839	0.881	GGAUCACGAGGGGGAGACCCCGGCAACCUGGGACGGACACCCAAGGUGCUCACACCGGAGACGGUGGAUCCGGCCCGAGAGGGCAACGAAGUCCGU	(((((....((((....))))(((..((((((.[[[[..))).))).)))..(((((....)))))))))).((((....)))).......]]]].	(((((....((((....))))(((.(((((((.......)))).))))))..(((((....)))))))))).((((....))))............
4XCO [96],1.E.G.142.:1.E.G.237.	96	30	0	0	1	1	1	GGCGGUGGGGGAGCAUCUCCUGUAGGGGAGAUGUAACCCCCUUUACCUGCCGAACCCCGCCAGGCCCGGAAGGGAGCAACGGUAGGCAGGACGUCG	((((..(((((.(((((((((....)))))))))..)))))....((((((.....(((.....(((....))).....)))..)))))).)))).	((((..(((((.(((((((((....)))))))))..)))))....((((((.....(((.....(((....))).....)))..)))))).)))).
7OF0 [98],1.A.A.3112.:1.A.A.3209.	98	12	2	6	0.857	0.667	0.75	AAUUCCUCCCUGUACGAAAGGACAAGAGAAAUAAGGCCUACUUCACAAAGCGCCUUCCCCCGUAAAUGAUAUCAUCUCAACUUAGUAUUAUACCCACA	.(((.(((......(....).....))).)))(((((...(((....))).)))))......(((................)))..............	.....(((..((..(....)..)).)))....(((((...(((....))).)))))..........................................
6ID0 [98],1.B.U.7.:1.B.C.104.	98	19	10	0	0.655	1	0.792	UGGUUUCUCUUCAGAUCGCAUAAAUCUUUCGCCUUUUACUAAAGAUUUCCGUGGAGAGGAACAACUCUGAGUCUUAACCCAAUUUUUUGAGGCCUUGC	....(((((((((....(...((((((((.(.......).)))))))).).)))))))))......................................	..(((((((((((...((...((((((((.(.......).)))))))).)))))))))))))........(((((((.........))))))).....
1Z43 [101],1.A.G.138.:1.A.G.238.	101	30	1	1	0.968	0.968	0.968	GCUCGGCGGUGGGGGAGCAUCUCCUGUAGGGGAGAUGUAACCCCCUUUACCUGCCGAACCCCGCCAGGCCCGGAAGGGAGCAACGGUAGGCAGGACGUCGG	..((((((..(((((..((((((((....))))))))...)))))....((((((.....(((.....(((....))).....)))..)))))).))))))	...(((((..(((((.(((((((((....)))))))))..)))))....((((((.....(((.....(((....))).....)))..)))))).))))).
6WJR [111],1.X.G.1.:1.X.U.111.	111	22	0	9	1	0.71	0.83	GGAUCUUCGGGGCAGGGUGAAAUUCCCGACCGGUGGUAUAGUCCACGAAAGUAUUUGCUUUGAUUUGGUGAAAUUCCAAAACCGACAGUAGAGUCUGGAUGAGAGAAGAUU	.(((((((......(((.......))).((((((((....[[))))..(((......)))...(((((.......)))))]])).[[[....))]]].......)))))))	.(((((((......(((.......))).....((((......)))).................(((((.......))))).....(((......))).......)))))))
6YLG [111],1.1.A.3168.,1.1.A.3170.:1.1.A.3279.	111	15	14	10	0.517	0.6	0.556	AAUAGAUGGAUACGAAUAAGGCGUCCUUGUGGCGUCGCUGAACCAUAGCAGGCUAGCAACGGUGCACUUGGCGGAAAGGCCUUGGGUGCUUGCUGGCGAAUUGCAAUGUCA	.......((.(........(((((((..).)))))).....))).......((((((...(((((.(..(((......)))..).))))).))))))..............	...................((((((.....)))))).......(((.((((((((((((....(((((.(((......)))...)))))))))))))...)))).)))...
4V8G [120],1.BB.U.1.:1.BB.A.120.	120	37	4	1	0.902	0.974	0.937	UCCCCCGUGCCCAUAGCGGCGUGGAACCACCCGUUCCCAUUCCGAACACGGAAGUGAAACGCGCCAGCGCCGAUGGUACUGGGCGGGCGACCGCCUGGGAGAGUAGGUCGGUGCGGGGGA	(((((((((((....((((((((....(((((((...(.....)...))))..)))...)))))).))(((.......((((((((....)))))))).......))).)))))))))))	(((((((((((....((((((((....(((((((((.......))..))))..)))...)))))).))(((.((....((((((((....))))))))....)).))).)))))))))))
7QWR [122],1.5.C.1718.:1.5.G.1823.,1.5.A.1825.:1.5.G.1840.	122	23	15	10	0.605	0.697	0.648	CACGCAGUUUUAUCCGGUAAAGCGAAUGAUUAGAGGUCUUGGGGCCGAAACGAUCUCAACCUAUUCUCAAACUUUAAAUGGGUAAGAAGCCCGGCUCGCUGGCGUGAGCCGGGCGUGGAAUG	.....(.((((((((....(((....(((..(.(((..(.((.(.(.....)..)))).))).)..)))..)).)....))))))...(((((((((........)))))))))...)).).	.......(((((((((.(((((.....((....((((..(((((.((...)).)))))))))..)).....)))))..))))))))).(((((((((((....)))))))))))........
6TH6 [125],1.BB.G.1.:1.BB.A.125.	125	36	6	3	0.857	0.923	0.889	GGUACGGCGGCCAUAGCGGCGGGGCCACACCCGGUCUCGUUUCGACCCCGGAAGUUAAGCCCGCCAGCGUUCCCGGGUGUACUGCCCUCCGAGAGGGGGCGGGAAACCGGGAACGCCGCCGGCCA	(((.(((((((....((((((((.....((((((...(.....)...))))..))....)))))).))..((((((.....((((((.((....))))))))....))))))..)))))))))).	(((.(((((((....((((((((...((..((((((.......))..))))..))....)))))).))((((((((.....((((((.((....))))))))....)))))))))))))))))).
3V7E [126],1.C.G.1.:1.C.A.126.	126	41	1	5	0.976	0.891	0.932	GGCUUAUCAAGAGAGGUGGAGGGACUGGCCCGAUGAAACCCGGCAACCACUAGUCUAGCGUCAGCUUCGGCUGACGCUAGGCUAGUGGUGCCAAUUCCUGCAGCGGAAACGUUGAAAGAUGAGCCA	((((((((....(.(((...(((.[.[[)))......))))(((..(((((((((((((((((((....))))))))))))))))))).)))...(]].](((((....)))))..))))))))).	((((((((......(((...(((.....)))......))).(((.((((((((((((((((((((....)))))))))))))))))))))))........(((((....)))))...)))))))).
7OSM [131],1.25S.C.489.:1.25S.A.619.	131	31	13	6	0.705	0.838	0.765	CACUGGGCCAGCAUCAGUUUUGGUGGCAGGAUAAAUCCAUAGGAAUGUAGCUUGCCUCGGUAAGUAUUAUAGCCUGUGGGAAUACUGCCAGCUGGGACUGAGGACUGCGACGUAAGUCAAGGAUGCUGGCA	......(((((((((((((((((((((((.......((((((........(.((((..)))).).........)))))).....))))).))))))))))........(((....)))....)))))))).	......((((((((((((((.(.((((((......((((((((..((((((((((....))))))..)))).))))))))....)))))).)..)))))))...((..(((....)))..)).))))))).
3NDB [136],1.M.G.123.:1.M.C.258.	136	45	3	0	0.938	1	0.968	GUCUCGUCCCGUGGGGCUCGGCGGUGGGGGAGCAUCUCCUGUAGGGGAGAUGUAACCCCCUUUACCUGCCGAACCCCGCCAGGCCCGGAAGGGAGCAACGGUAGGCAGGACGUCGGCGCUCACGGGGGUGCGGGAC	((((((..(((((.(((.(((((..(((((.(((((((((....)))))))))..)))))....((((((.....(((.....(((....))).....)))..)))))).))))))).).))))).....))))))	(((((((((((((((((.(((((..(((((.(((((((((....)))))))))..)))))....((((((.....(((.....(((....))).....)))..)))))).))))))).))))))))...)))))))
7MQA [145],1.L2.A.73.:1.L2.U.217.	145	27	20	16	0.574	0.628	0.6	AAACCACGAGGAAGAGAGGUAGCGUUUUCUCCUGAGCGUGAAGCCGGCUUUCUGGCGUUGCUUGGCUGCAACUGCCGUCAGCCAUUGAUGAUCGUUCUUCUCUCCGUAUUGGGGAGUGAGAGGGAGAGAACGCGGUCUGAGUGGU	..(((((......(.......((((((((((((....(...(...((((..(.((((((((......))))).))))..))))..)......)..((((((((((.....)))))).))))))))))))))))...)...)))))	..(((((..(((.........(((((((((((((((((....(((((....)))))..)))))(((((..((....)))))))............((((((((((.....)))))).))))))))))))))))..)))..)))))
2R8S [159],1.R.G.102.:1.R.C.208.,1.R.A.210.:1.R.A.261.	159	29	22	16	0.569	0.644	0.604	GGAAUUGCGGGAAAGGGGUCAACAGCCGUUCAGUACCAAGUCUCAGGGGAAACUUUGAGAUGGCCUUGCAAAGGGUAUGGUAAUAAGCUGACGGACAUGGUCCUAACACGCAGCCAAGUCCUAAGUCAACAGAUCUUCUGUUGAUAUGGAUGCAGUUCA	.....((((.(...((((((.....(((.((((.(((..(((((((((....)))))))))..((.......))....)))......)))))))....))))))..).))))((...((((...(((((((.......)))))))..))))...))...	.((((((((.(....(((.(.....((((.(((((((..(((((((((....))))))))).(((((....)))))..))).....)))))))).....).)))....).)......((((...(((((((((...)))))))))..))))))))))).
3PDR [161],1.A.G.15.:1.A.A.175.	161	41	9	8	0.82	0.837	0.828	GGGCUUCGUUAGGUGAGGCUCCUGUAUGGAGAUACGCUGCUGCCCAAAAAUGUCCAAAGACGCCAAUGGGUCAACAGAAAUCAUCGACAUAAGGUGAUUUUUAAUGCAGCUGGAUGCUUGUCCUAUGCCAUACAGUGCUAAAGCUCUACGAUUGAAGCCCA	((((((((([.(((..(((..((((((((......(((((((((((.....(((....))).....))))).....(((((((((......])))))))))..).))))).((........))....)))))))).)))...)))..))....))))))).	((((((((...(..(((((..((((((((......(((((.(((((....((((....))))....)))))....((((((((((.......))))))))))...))))).((((....))))....)))))))).)).....)))..)...)))))))).
3D0U [161],1.A.G.1.:1.A.A.161.	161	44	4	12	0.917	0.786	0.846	GGACGGAGGCGCGCCCGAGAUGAGUAGGCUGUCCCAUCAGGGGAGGAAUCGGGGACGGCUGAAAGGCGAGGGCGCCGAAGCGAGCAGAGUUCCUCCCGCUCUGCUUGGCUGGGGGUGAGGGGAAUACCCUUACCACUGUCGCGAAAGCGGAGAGCCGUCCA	((((((..(.((((((..(.......(((((((((..(..[[[[[[....))))))))))......)..)))))))..((((((((((((.]]]]]]))))))))).)))((.((((((((.....)))))))).)).((((....))))....)))))).	((((((....((((((..(.......(((((((((................)))))))))......)..))))))...((((((((((((.......)))))))))).))...((((((((.....)))))))).((.((((....))).).)))))))).
7QWQ [167],1.1.C.92.:1.1.C.258.	167	33	21	9	0.611	0.786	0.688	CGCUAUGCCGAUCGGGUGUCCGCACUAAGUUCGGCAUCAAUAUGGUGACCUCCCGGGAGCGGGGGACCACCAGGUUGCCUAAGGAGGGGUGAACCGGCCCAGGUCGGAAACGGAGCAGGUCAAAACUCCCGUGCUGAUCAGUAGUGGGAUCGCGCCUGUGAAUAGCC	.((.(.........((.(.((.((((..(..((((.(((.(..((((..((((((....))))))..))))..).))......(.(((((......(.(....(((....))).....).)...))))))).))))..)...))))))....)..)).....).).)	.(((((......(((((((.(.(((((...(((((((((((.(((((..((((((....))))))..))))).))))((...)).(((((.....((((....(((....)))....))))...))))).)))))))....))))).)...)))))))...))))).
4E8N [393],1.A.G.-2.:1.A.G.390.	393	101	11	19	0.902	0.842	0.871	GGGGUGUGCCCGGCAUGGGUGCAGUCUAUAGGGUGAGAGUCCCGAACUGUGAAGGCAGAAGUAACAGUUAGCCUAACGCAAGGGUGUCCGUGGCGACAUGGAAUCUGAAGGAAGCGGACGGCAAACCUUCGGUCUGAGGAACACGAACUUCAUAUGAGGCUAGGUAUCAAUGGAUGAGUUUGCAUAACAAAACAAAGUCCUUUCUGCCAAAGUUGGUACAGAGUAAAUGAAGCAGAUUGAUGAAGGGAAAGACUGCAUUCUUACCCGGGGAGGUCUGGAAACAGAAGUCAGCAGAAGUCAUAGUACCCUGUUCGCAGGGGAAGGACGGAACAAGUAUGGCGUUCGCGCCUAAGCUUGAACCGCCGUAUACCGAACGGUACGUACGGUGGUGUG	{....({.[[[[[(..[[[[[[[[[[[...(((.......)))..(((((...[[[[[[[...)))))..[[[...[[[..((((.((((((....))))))))))...})..]]]...]]]...(((((((((((.(.....)...(((((.....[(((....(.((((((((..((((.]....}.))))...)))).]]]]]]]...)))).)....)))...))))))))))...))))))...]]]]]]]]]]]...)]]]]](...((((....))))...).......(((.(....(((........)))...))))....(((((.(((((....))))..)))))).(((((((((((((....)))..))))))))))...	....(.(.(((((...(((((((((((...(((.......))).((((((.............)))))).(((...(((...((..((((((....))))))..)).......)))...)))...(((((((((((.(.....)...((((((.....(((..((((((((((((..((((........))))...))))...........))))))))..)))..)))))))))))...))))))...)))))))))))....))))).).)((((....))))...........(((......(((((....)))))....)))....(((((..((((....))))...))))).(((((((((((((....)))..))))))))))...
8I7N [418],1.N.C.-6.:1.N.U.-1.,1.N.A.2.:1.N.C.413.	418	95	37	40	0.72	0.704	0.712	CUCUCUAAAUAGCAAUAUUUACCUUUGGAGGGAAAAGUUAUCAGGCAUGCACCUGGUAGCUAGUCUUUAAACCAAUAGAUUGCAUCGGUUUAAAAGGCAAGACCGUCAAAUUGCGGGAAAGGGGUCAACAGCCGUUCAGUACCAAGUCUCAGGGGAAACUUUGAGAUGGCCUUGCAAAGGGUAUGGUAAUAAGCUGACGGACAUGGUCCUAACCACGCAGCCAAGUCCUAAGUCAACAGAUCUUCUGUUGAUAUGGAUGCAGUUCACAAACUAAAUGUCGGUCGGGGAAGAUGUAUUCUUCUCAUAAGAUAUAGUCGGACCUCUCCUUAAUGGGAGCUAGCGGAUGAAGUGAUGCAACACUGGAGCCGCUGGGAACUAAUUUGUAUGCGAAAGUAUAUUGAUUAGUUUUGGAGUACUC	(((((((((..............)))))))))...((((((((((..{{{.)))))))))).(((((((((((....(.[[[[[[))))))).)))))..(((((.(....((((((...((((((.....(((.((((.(((..(((((((((....)))))))))..((..}}.}.))....)))......)))))))....))))))..)).))))((...((((...((((((((.....))))))))..))))...))...[..[[[[...).))))).(((((((.....)))))))........]]]].]((((.(((((....)))))(((((((.....(((]]]]]]))).....))))))).((((((((...((.(....).))...))))))))..)).....))	..(((((((((....))))..(((....)))....((((((((((......)))))))))).(((((((((((.............))))).))))))..(((((.(....((((((....(((.(.....((((.((((((((.(((((((((....))))))))).(((((....))))).)))).....)))))))).....).)))..)).))))((...((((...(((((((((...)))))))))..))))))((((....))))....).))))).(((((((.....)))))))...................(((((....)))))(((((((....((((......))))....)))))))(((((((((.((((((....)))))).)))))))))))))).....
3T1Y [1513],1.A.U.5.:1.A.A.1511.,1.A.C.1516.:1.A.U.1521.	1513	292	192	145	0.603	0.668	0.634	UGGAGAGUUUGAUCCUGGCUCAGGGUGAACGCUGGCGGCGUGCCUAAGACAUGCAAGUCGUGCGGGCCGCGGGGUUUUACUCCGUGGUCAGCGGCGGACGGGUGAGUAACGCGUGGGUGACCUACCCGGAAGAGGGGGACAACCCGGGGAAACUCGGGCUAAUCCCCCAUGUGGACCCGCCCCUUGGGGUGUGUCCAAAGGGCUUUGCCCGCUUCCGGAUGGGCCCGCGUCCCAUCAGCUAGUUGGUGGGGUAAUGGCCCACCAAGGCGACGACGGGUAGCCGGUCUGAGAGGAUGGCCGGCCACAGGGGCACUGAGACACGGGCCCCACUCCUACGGGAGGCAGCAGUUAGGAAUCUUCCGCAAUGGGCGCAAGCCUGACGGAGCGACGCCGCUUGGAGGAAGAAGCCCUUCGGGGUGUAAACUCCUGAACCCGGGACGAAACCCCCGACGAGGGGACUGACGGUACCGGGGUAAUAGCGCCGGCCAACUCCGUGCCAGCAGCCGCGGUAAUACGGAGGGCGCGAGCGUUACCCGGAUUCACUGGGCGUAAAGGGCGUGUAGGCGGCCUGGGGCGUCCCAUGUGAAAGACCACGGCUCAACCGUGGGGGAGCGUGGGAUACGCUCAGGCUAGACGGUGGGAGAGGGUGGUGGAAUUCCCGGAGUAGCGGUGAAAUGCGCAGAUACCGGGAGGAACGCCGAUGGCGAAGGCAGCCACCUGGUCCACCCGUGACGCUGAGGCGCGAAAGCGUGGGGAGCAAACCGGAUUAGAUACCCGGGUAGUCCACGCCCUAAACGAUGCGCGCUAGGUCUCUGGGUCUCCUGGGGGCCGAAGCUAACGCGUUAAGCGCGCCGCCUGGGGAGUACGGCCGCAAGGCUGAAACUCAAAGGAAUUGACGGGGGCCCGCACAAGCGGUGGAGCAUGUGGUUUAAUUCGAAGCAACGCGAAGAACCUUACCAGGCCUUGACAUGCUAGGGAACCCGGGUGAAAGCCUGGGGUGCCCCGCGAGGGGAGCCCUAGCACAGGUGCUGCAUGGCCGUCGUCAGCUCGUGCCGUGAGGUGUUGGGUUAAGUCCCGCAACGAGCGCAACCCCCGCCGUUAGUUGCCAGCGGUUCGGCCGGGCACUCUAACGGGACUGCCCGCGAAAGCGGGAGGAAGGAGGGGACGACGUCUGGUCAGCAUGGCCCUUACGGCCUGGGCGACACACGUGCUACAAUGCCCACUACAAAGCGAUGCCACCCGGCAACGGGGAGCUAAUCGCAAAAAGGUGGGCCCAGUUCGGAUUGGGGUCUGCAACCCGACCCCAUGAAGCCGGAAUCGCUAGUAAUCGCGGAUCAGCCAUGCCGCGGUGAAUACGUUCCCGGGCCUUGUACACACCGCCCGUCACGCCAUGGGAGCGGGCUCUACCCGAAGUCGCCGGGAGCCUACGGGCAGGCGCCGAGGGUAGGGCCCGUGACUGGGGCGAAGUCGUAACAAGGUAGCUGUACCGGAAGGUGCGGCUGGAUCACUUUCU	....((((..[.[[[..)))).((((.(((((..(((((((((....(((.(((..(((..((.((((((((((.....)))))))))).)))))......(((......((((((((..((...(((((((.(((((....((((((....)))))).....)))))....((((.(((((....))))).))))...((((...)))).)))))))..))))))))))(((....(((..((((((((.......)))))))))))......)))..((((((((....))))...))))))).(((((............))))).((((....))))...)))))).).....(.(((...(((((....)))).))))).)).))))))..((((......((.(....).)).....))))....(((((...(....((((.....)))).....)....)))))......((((((((...[[[[[.....[[.)))]].......]]]]])))))..)))))))))..........(((((...[.((((...(((.(((((((.((((((((((......((((((.....))))))....))))))))..)))))))))..(((((((((...((((((((....((((((....((........)).......))))))....).......((....)).)))))))..))))).)))..))))...))))....((((((...((...((((.........))))...))))))))......{...[[[[[[..(((((((((.....)))))))))...[[..))]].....]]]]]]]))).(((......((((....))))....)))...]]].](((((.(((((((.((..(((((..((((((((((......((........))..........(((((((..(...((.(((.(...((((((....))))))....(.((....)).)...)))).))).((.(((...((((((.(....(((((((((....)))...(((......)))...)))))).....((((.(((((((.......(((.....)))......)))))))..(..(((((....))))).....)..)))).....).).)))...)).)))))....)))))))..[)).)))))))).(...(((((((.....(((..(((.((((....))))).))....))).....)))))))......(....(((((((........)))))))....)..)..))))).....(((((((......]...)))))))......))...)))))))))).))..(.(..((.(.((((.(((..(((((((((((((...(.((((....(((....))).)))).)..)))))))))))))..))).))))..).))...)..)..(((((((((....)))))))))}...........	.(((((((..(((((..(..((((((...(.(.((((((((((....(((......))).....(((((((((((...)))))))))))(((((((...((((...(((((((((((...((((.(((((((.((((((...((((((....))))))....))))))...(((((.(((((....))))).)))))..((((...)))).))))))).)))))))))))(((.((.(((..((((((((.......)))))))))))...)).)))..(((((((.........)))))))....(((((.(((.....)))))))).((((....))))......))))...))))((((...(((((....))))).))))....))))))).((((......((((....)))).....))))....(((((..((....((((.....)))).....))...)))))....(((((((((((..(((((((((.((....))))...)))))))))).)).))))))(((((.....))))).....((((((((..((((((((((.(((((((((((......((((((.....))))))....))))))))..))))))))))....((((((...((((((((...(((((((....(((........))).....)))))))...)(((.........))).)))))))..))))))......(((...((((....))))....)))...((((.........))))...)))))))))))....((((((.(((.((((((((((...))))))))))..)))...))))))..)))))))))).).)((((.(((((....)))))..))))...........(((((((((((....))))...((((((((((((..((((........))))))))....(((((((......((((((((..(((((((....)))))))...((((....))))..))))))))...(((((((..((.(((((((.(((((((((....)))...(((......)))...))))))....(((((.(((((((.((((..(((.....)))))))..)))))))..((.(((((....))))).))..)).))))))))))))..).)))))).........)))))))......)))))))).....(((((((.....(((((((..((((....))))..))..))))).....)))))))....(((((..(((((((........))))))).....)))))..........(((((((..((....)))))))))......))))))).))))))..)..((((..((.(.((((..((..(((((((((((((...(.((((....(((....))).)))).)..)))))))))))))..))..))))..).))...)..)))(((((((((....)))))))))))))))))))))
7TOS [2903],1.23S.G.1.:1.23S.U.2903.	2903	518	376	303	0.579	0.631	0.604	GGUUAAGCGACUAAGCGUACACGGUGGAUGCCCUGGCAGUCAGAGGCGAUGAAGGACGUGCUAAUCUGCGAUAAGCGUCGGUAAGGUGAUAUGAACCGUUAUAACCGGCGAUUUCCGAAUGGGGAAACCCAGUGUGUUUCGACACACUAUCAUUAACUGAAUCCAUAGGUUAAUGAGGCGAACCGGGGGAACUGAAACAUCUAAGUACCCCGAGGAAAAGAAAUCAACCGAGAUUCCCCCAGUAGCGGCGAGCGAACGGGGAGCAGCCCAGAGCCUGAAUCAGUGUGUGUGUUAGUGGAAGCGUCUGGAAAGGCGCGCGAUACAGGGUGACAGCCCCGUACACAAAAAUGCACAUGCUGUGAGCUCGAUGAGUAGGGCGGGACACGUGGUAUCCUGUCUGAAUAUGGGGGGACCAUCCUCCAAGGCUAAAUACUCCUGACUGACCGAUAGUGAACCAGUACCGUGAGGGAAAGGCGAAAAGAACCCCGGCGAGGGGAGUGAAAAAGAACCUGAAACCGUGUACGUACAAGCAGUGGGAGCACGCUUAGGCGUGUGACUGCGUACCUUUUGUAUAAUGGGUCAGCGACUUAUAUUCUGUAGCAAGGUUAACCGAAUAGGGGAGCCGAAGGGAAACCGAGUCUUAACUGGGCGUUAAGUUGCAGGGUAUAGACCCGAAACCCGGUGAUCUAGCCAUGGGCAGGUUGAAGGUUGGGUAACACUAACUGGAGGACCGAACCGACUAAUGUCGAAAAAUUAGCGGAUGACUUGUGGCUGGGGGUGAAAGGCCAAUCAAACCGGGAGAUAGCUGGUUCUCCCCGAAAGCUAUUUAGGUAGCGCCUCGUGAAUUCAUCUCCGGGGGUAGAGCACUGUUUCGGCAAGGGGGUCAUCCCGACUUACCAACCCGAUGCAAACUGCGAAUACCGGAGAAUGUUAUCACGGGAGACACACGGCGGGUGCUAACGUCCGUCGUGAAGAGGGAAACAACCCAGACCGCCAGCUAAGGUCCCAAAGUCAUGGUUAAGUGGGAAACGAUGUGGGAAGGCCCAGACAGCCAGGAUGUUGGCUUAGAAGCAGCCAUCAUUUAAAGAAAGCGUAAUAGCUCACUGGUCGAGUCGGCCUGCGCGGAAGAUGUAACGGGGCUAAACCAUGCACCGAAGCUGCGGCAGCGACGCUUAUGCGUUGUUGGGUAGGGGAGCGUUCUGUAAGCCUGCGAAGGUGUGCUGUGAGGCAUGCUGGAGGUAUCAGAAGUGCGAAUGCUGACAUAAGUAACGAUAAAGCGGGUGAAAAGCCCGCUCGCCGGAAGACCAAGGGUUCCUGUCCAACGUUAAUCGGGGCAGGGUGAGUCGACCCCUAAGGCGAGGCCGAAAGGCGUAGUCGAUGGGAAACAGGUUAAUAUUCCUGUACUUGGUGUUACUGCGAAGGGGGGACGGAGAAGGCUAUGUUGGCCGGGCGACGGUUGUCCCGGUUUAAGCGUGUAGGCUGGUUUUCCAGGCAAAUCCGGAAAAUCAAGGCUGAGGCGUGAUGACGAGGCACUACGGUGCUGAAGCAACAAAUGCCCUGCUUCCAGGAAAAGCCUCUAAGCAUCAGGUAACAUCAAAUCGUACCCCAAACCGACACAGGUGGUCAGGUAGAGAAUACCAAGGCGCUUGAGAGAACUCGGGUGAAGGAACUAGGCAAAAUGGUGCCGUAACUUCGGGAGAAGGCACGCUGAUAUGUAGGUGAGGUCCCUCGCGGAUGGAGCUGAAAUCAGUCGAAGAUACCAGCUGGCUGCAACUGUUUAUUAAAAACACAGCACUGUGCAAACACGAAAGUGGACGUAUACGGUGUGACGCCUGCCCGGUGCCGGAAGGUUAAUUGAUGGGGUUAGCGCAAGCGAAGCUCUUGAUCGAAGCCCCGGUAAACGGCGGCCGUAACUAUAACGGUCCUAAGGUAGCGAAAUUCCUUGUCGGGUAAGUUCCGACCUGCACGAAUGGCGUAAUGAUGGCCAGGCUGUCUCCACCCGAGACUCAGUGAAAUUGAACUCGCUGUGAAGAUGCAGUGUACCCGCGGCAAGACGGAAAGACCCCGUGAACCUUUACUAUAGCUUGACACUGAACAUUGAGCCUUGAUGUGUAGGAUAGGUGGGAGGCUUUGAAGUGUGGACGCCAGUCUGCAUGGAGCCGACCUUGAAAUACCACCCUUUAAUGUUUGAUGUUCUAACGUUGACCCGUAAUCCGGGUUGCGGACAGUGUCUGGUGGGUAGUUUGACUGGGGCGGUCUCCUCCUAAAGAGUAACGGAGGAGCACGAAGGUUGGCUAAUCCUGGUCGGACAUCAGGAGGUUAGUGCAAUGGCAUAAGCCAGCUUGACUGCGAGCGUGACGGCGCGAGCAGGUGCGAAAGCAGGUCAUAGUGAUCCGGUGGUUCUGAAUGGAAGGGCCAUCGCUCAACGGAUAAAAGGUACUCCGGGGAUAACAGGCUGAUACCGCCCAAGAGUUCAUAUCGACGGCGGUGUUUGGCACCUCGAUGUCGGCUCAUCACAUCCUGGGGCUGAAGUAGGUCCCAAGGGUAUGGCUGUUCGCCAUUUAAAGUGGUACGCGAGCUGGGUUUAGAACGUCGUGAGACAGUUCGGUCCCUAUCUGCCGUGGGCGCUGGAGAACUGAGGGGGGCUGCUCCUAGUACGAGAGGACCGGAGUGGACGCAUCACUGGUGUUCGGGUUGUCAUGCCAAUGGCACUGCCCGGUAGCUAAAUGCGGAAGAGAUAAGUGCUGAAAGCAUCUAAGCACGAAACUUGCCCCGAGAUGAGUUCUCCCUGACCCUUUAAGGGUCCUGAAGGAACGUUGAAGACGACGACGUUGAUAGGCCGGGUGUGUAAGCGCAGCGAUGCGUUGAGCUAACCGGUACUAAUGAACCGUGAGGCUUAACCU	((((((((......((((((((((.....(((..(((((((((((((......((((((.[..[[[.))).....((((((...(((]]]..].))).......))))))...)))....(((....)))(((((((....))))))).(((((((((.........))))))))).))...((((((.....(...[..)......))))).).........((....))...(((((.....((.]...))....)))))...((((.((((......(((((((((.(((.(((...(((((......)))))((......[[[.....))]]]...)))...))).)))))))))...))))...)....((((((((..[......))))))))......(((((].[[[[)))))..)))......)).))))))).))...............((....))....))......(..((((.....))))............)).....)))))))))).....(.((((..((((((....))))))..)))).[.(.(........).).((((((....(((((((((((((..(((...((.....))...)))...((....))..((((.....)))).....)))))))))))))..((.(...((((((.....((((((((((.((((...((((((......))))))...)[)))...(((.(((((........))))))))..).))))))))).(.(((.....)))...)..))))))......).))..((((((....(((((....))))).((((((((..((((((((((.....(((...(((.((((...((.((((.....))))..))...)))).)))..)).).....)))))).)))..)))))))).)...((((((((((......))))))))))....(((......)))...((((.(((...((((((...[.[[[[[[.....[.....((..(((((..(((.....{.(((((.(((..(((.........)))..))).....(..(((......)))).)))))...)))..))))).))...........))).]...]]]]]]])))...)))))))((((((.(......).))))))....))))))(.(((((...(((......((((((((....))))))))...)))..)))))..).....))))))(......((.....((((((.......))))))((((....((((..((..(((((((...((.....)).))))))....(([[[.(((.(.(((...(((....)))...)))..))))..(((((........)))))))(((((((((((((...((((....((((..(((..((((((((((((...{{{.).))))))((..((((...((((((((((((.((.....))))))))))..))))..{))))...))(..(((((....)))))...))))))...)))...))))(..).....))))...))....))))))))))).]]].))).....((......)).)))).((((.....))))..))))..((((....((((((((.((..(....(.......(((((....(.<..).....)))))((((((.....(((...(((((..)}))))...)))...))))))(...).......(((((((((.].((.........))...(((((((.....(((....))).......))))))).>((((.(((..(((((((..(((........(((((..((....))...)))))........))))))))..)))))(((((.........)))))........((..........(((((.......)))))..)..)....))))...)).))))))).)..))).)))))))).)))))).....)).(..{{{{{.....]).}}}}}..((((((((.(((.((......((((.((((((..(((((.(((.(((((.((((((((((..((..............(..(...(........((..((......))..)).....).............)..).....))..))))))))))...(((.((((((.....)))))))))....))))).)))..)))))..(((......[)))((((((..........]))))))(([[...[[[[[[[...(((((.........))))).....[[)(.(((]]....]]]]]]]...((((..((((..{.))))..)))).(((....))).]]))).).....(((((((.((..]]]]..))))))))).....)}......))))..))))))......(((((.(.((((((...((.......))...))))))...)))).).)......(.((.((((((..(((((((((......))))))..))).(((((.....))))).....)))))..)...))..).....(((((((....))).))))....))..)))))))))))(...[[[[[[[...((((..(((((((.....(....)....))))))).(((((...((((...(((((((((((}}}.))))))..)))))...)))).)))))...(((....((((.....}.......))))....))).))))..)....]]]]]]](.(((((.....)))))(....((..(((((.......)))))....((((((((..((....(((((....)))))...))...))))).))).....))..).))))))))).	((((((((.....((((..(((((((((((((((((...)))).)))......((((..(((.(((...))).)))((((((..(((.......)))......))))))((((((.....(((....)))(((((((....))))))).(((((((((.........)))))))))......((((((..(((..........))).))))).).....))))))............((((((.(((....((....((.((((((((..((((......(((((((((((((.(((...((((((....))))))....(((.((((....)))).))))))...)))))))))))))...))))(((((((.((((((..(((.((.((((((((((.....((((((......))))))))))...(..(((((((((((((((((((.((((....((....))............((((((((((((((...((........)).....(((((((((((....((((.....((((((....))))))..))))......((((((((..(((((.......(((((((((((((..((((..((.....))..))))...((....))..((((.....)))).....))))))))))))))))))....((((((...(((((((((((((((((...((((((......))))))....))))...(((.(((((........)))))))).)).)))))))))))((.(....).))......))))))...(((((((((((((((....(((((....)))))..(((((((...(((((((((.......(((.(((.((((...((.((((.....))))..))...)))).)))...))).....))))))).))...))))))).....(((((((((((....)))))))))))....(((......)))...(((.(((((..(((......(.(((((((.(((.(....).........(((((..(((.(((((((((.(((((.......))))).)))).......(((......)))..)))))...)))))))).(.((..........)).)))).)))))))))))..))))))))(((((((((....)))))))))....)))))((((((((...((((.(...((((((((....))))))))).))))..))))).)))...((((......)))).......(((((((.....))))))).(((....((((..((((.(((((((..((.....)))))))))..........(((...(((...(((....)))...)))...)))..(((((........)))))..(((((((((((((..((((((((.(.((..(((..((((((((((((.......).))))))....((((.(.((((((((((((.((.....))))))))))..)))).).)))).....(..(((((....)))))...))))))...))))).).)))........)))))..))....))))))))))).....))))...(((......))))))).((((.....))))....((((((((....)))))))).........)))......(((((....(....).....)))))((((((.....(((...((((.....))))...)))...))))))....)).))))))))((((....(((((.....)))))))))..))))))))(((....))).)))))))))))..(..(((((((...((((((..(((...(((((((((((.((....))..))))))..))))).)))))))))...)))((((((.......))))))...))))..)......))))))))))...))))..(((((((((..((((.........))))..).(((((.....))))).((((((........))))))....).))))).))..((((.....).))).....((((((.((.....(((((.(((.(((((((((((((((((.((((.(.((.((......((..((((((...((((((((....))))))))))))))..))........)))).).)))).)))))))))))...(((..(((((.....))))).)))...)))))).)))..))))))).)).))))((..(((((((...........)))))))..))..)))).)))).))..))))))...)))))))..)...((..((((....))))))....((((..((((....))))..)))).(((....)))(((((...)))))((((((((((.......)))))))))).....((((..........)))))))))).)).).))...))))))............((((((.(((((...))))).)..))))))))))))..(((((((((((......))))))).))))..)))))))).)).......))....)))..))))))....(((((((....))).)))).))))..))))))))))..))))((((((((.(..(((((.(((((..(..(....)..).)))))...(((((...((((..((((((((((((....))))))..))))))..)))).)))))...(((....(((((...........)))))....))))))))....).))))))))..((((((...)))))).......(((((((.......))))))).....(((((..((...((((((....))))))..))...)))))..........(....))))))))).
