NAME	LEN	FS_CONS4	FS_CONS5	FS_IPKNOT	FS_MXFOLD2	FS_RNAFOLD	FS_SPOTRNA	FS_SQUARNA1	FS_SQUARNA2	FS_SQUARNA3	SEQ	DBN
1ZDJ [8],1.R.G.7.:1.R.C.14.	8	1	1	1	1	0	1	1	1	1	GGAUCACC	((....))
2B2D [9],1.R.G.307.:1.R.C.315.	9	0.8	1	0.8	1	0	0.857	1	1	1	GUCUAAGAC	(((...)))
5AMQ [10],1.C.A.1.:1.C.C.10.	10	0	1	0	1	0	0.8	0.8	0.8	0.8	AGUAGUGUAC	.((.....))
2BS1 [11],1.S.U.6.:1.S.A.16.	11	1	1	0.857	1	1	0.889	1	1	1	UGUCUAAGACA	((((...))))
2IZN [11],1.S.C.5.:1.S.G.15.	11	0	0	0.8	0	0	0	0	0	0	CGCGAUUACGG	(.((....)))
1ZSE [12],1.R.U.306.:1.R.G.317.	12	1	1	0.667	1	1	0.889	1	1	1	UGUCUAAGACAG	((((...)))).
3JCS [12],1.3.G.3.:1.3.A.14.	12	0	0	0	0	0	0	0	0	0	GUGGUAAUGCGA	(((....)))..
2BS0 [12],1.R.U.6.:1.R.G.17.	12	1	1	0	1	1	1	1	1	1	UGUCUAAGACUG	.(((...)))..
7R1F [12],1.V.A.1.:1.V.G.12.	12	0	0	0	1	0	0	1	1	1	AGUAGUAACAAG	.((....))...
6FQ3 [13],1.B.G.1.:1.B.C.13.	13	1	1	0.889	1	1	1	1	1	1	GGAGUCCAACUCC	(((((...)))))
1ZDH [13],1.R.U.4.:1.R.A.16.	13	0	0	0.667	0.571	0	0	0.444	0.444	0.444	UGAGGAUCACCCA	((.((....))))
7QTL [13],1.V.A.1.:1.V.A.13.	13	0	0	0	1	0	0	1	1	1	AGUAGUAACAAGA	.((....))....
3OIJ [14],1.C.G.1.:1.C.C.14.	14	1	1	1	1	1	1	1	1	1	GGGCUUCAACGCCC	((((......))))
6MSF [14],1.R.C.1.:1.R.G.14.	14	0	0	0	1	1	0	0	0	0	CCACAGUCACUGGG	((.(((...)))))
7MSF [14],1.R.U.1.:1.R.G.14.	14	0.889	0.889	0.889	0.889	1	0.889	1	1	1	UCGCCAACAGGCGG	.((((....)))).
2C50 [14],1.R.A.3.:1.R.A.16.	14	0	0.667	0.667	1	0	0	0.667	1	1	AUGAGGAUAACCCA	.((.((....))))
6SZV [14],1.V.A.1.:1.V.G.14.	14	0	1	0	1	0	1	1	1	1	AGUAGUAACAAGAG	.((....)).....
4ILL [14],1.R.A.4.:1.R.A.17.	14	0.857	0.857	1	0.857	0.857	0.75	0.857	0.857	0.857	AAUCUACUAUAGAA	..(((.....))).
4AL7 [15],1.B.C.6.:1.B.G.20.	15	1	1	1	1	1	1	1	1	1	CUGCCGUAUAGGCAG	(((((.....)))))
4IFD [15],1.R.C.-44.:1.R.U.-30.	15	1	1	1	1	1	1	1	1	1	CCCCGAGAGGGGGUU	((((....))))...
5T5H [15],1.A.A.205.:1.A.U.219.	15	0.889	0.889	0.889	0.889	0.889	0.889	0.889	0.889	0.889	AGCAAACCCGUUGCU	((((.......))))
2BNY [15],1.R.A.3.:1.R.U.17.	15	1	1	0.571	1	1	1	1	1	1	AUGAGGAUUACCCAU	(((.((....)))))
7WTU [15],1.2.C.1363.:1.2.U.1377.	15	0.667	0.667	0.8	0.667	0.667	0.571	0.571	0.571	0.571	CUGGUUAAUUCCGAU	(.((......)))..
4Z31 [15],1.E.A.1.:1.E.C.15.	15	1	1	1	1	1	1	1	1	1	AUGUUCUGUGAACAC	.(((((...))))).
7B9V [16],1.2.G.69.:1.2.C.84.	16	0.8	0.909	0.8	1	0.8	0.833	1	1	1	GACCUCAAUGAGGCUC	((((((...)))).))
1ZBH [16],1.E.G.6.:1.E.C.21.	16	1	1	1	1	1	1	1	1	1	GGCUCUUUUCAGAGCC	((((((....))))))
4AL6 [16],1.B.C.6.:1.B.C.21.	16	1	1	1	1	1	1	1	1	1	CUGCCGUAUAGGCAGC	(((((.....))))).
1AQ3 [16],1.R.A.3.:1.R.G.18.	16	1	1	0.571	1	1	1	1	1	1	AUGAGGAUUACCCAUG	(((.((....))))).
7QIY [16],1.2.A.1239.:1.2.U.1254.	16	0	0	0	0	0	0	0	0	0	AGACUGAGAGCUCUUU	((........))....
7MQA [16],1.L1.U.1560.:1.L1.G.1575.	16	0.889	0.889	0.889	0.889	0.889	0.8	0.889	0.889	0.889	UACGCCGGCAGGCGCG	(.((((....)))).)
4QIL [16],1.C.U.2.:1.C.G.17.	16	1	1	1	1	1	1	1	1	1	UCCCUUCUGUGAAGGG	.((((((...))))))
7DCO [16],1.H.G.1115.:1.H.U.1130.	16	0.909	0.909	0.909	0.909	0.909	0.909	0.889	0.889	0.889	GAGUCGUUCUUGACUU	.(((((....))))).
8H0S [17],1.X.A.27.:1.X.U.43.	17	1	1	1	1	1	0.909	1	1	1	ACGGACUUUGACUCCGU	(((((.......)))))
4ZLD [17],1.B.U.1.:1.B.G.17.	17	0.923	0.923	1	0.923	0.923	0.923	1	1	1	UAACUUCUGUGAAGUUG	.((((((...)))))).
5U30 [17],1.B.G.0.:1.B.U.16.	17	0.857	0.857	0.857	0	0.75	0.857	0.857	0.857	0.857	GGUCUAGAGGACAGAAU	.((((..).))).....
7OF0 [17],1.A.C.3212.:1.A.U.3228.	17	1	1	1	1	1	0.889	1	1	1	CACCCAAGAACAGGGUU	.((((.......)))).
4ILL [17],1.C.G.1.:1.C.A.17.	17	1	1	1	0	0.857	0.857	0.857	0.667	0.667	GCUAAUCUACUAUAGAA	.....(((.....))).
5MSF [18],1.R.C.1.:1.R.G.18.	18	1	1	1	1	1	1	0.75	0.833	0.833	CCGGAGGAUCACCACGGG	(((..((....)).))).
4QI2 [18],1.F.U.4.:1.F.G.21.	18	0.923	0.923	1	0.923	0.923	0.923	1	1	1	UGUUUUCUGUGAAAACGG	.((((((...))))))..
4AL5 [18],1.B.C.4.:1.B.C.21.	18	1	1	1	1	1	0.909	1	1	1	CACUGCCGUAUAGGCAGC	..(((((.....))))).
6TQB [19],1.B.G.3.:1.B.C.21.	19	0.933	1	0.933	1	1	0.933	1	1	1	GGAAAUUAUAUUAAUUUCC	((((((((...))))))))
1ZDK [19],1.R.A.3.:1.R.U.21.	19	1	1	1	1	1	1	1	1	1	ACAUGAGGAUCACCCAUGU	(((((.((....)))))))
6ZU5 [19],1.S60.C.397.:1.S60.G.415.	19	0.75	0.75	0.75	0.75	0.75	0.75	0.75	0.75	0.75	CGCACGGCAAAGGAGUGCG	((.(...........).))
4QI2 [19],1.G.U.4.:1.G.A.22.	19	0	0.615	0.769	0	0	0.615	1	1	1	UGUUUUCUGUGAAAACGGA	.((((((...))))))...
4QI2 [19],1.E.A.3.:1.E.G.21.	19	1	1	0.769	0.923	1	0.923	1	1	1	AUGUUUUCUGUGAAAACGG	..((((((...))))))..
5F5F [20],1.B.U.1.:1.B.A.20.	20	1	1	0.8	1	1	0.857	0.909	0.909	0.909	UGACUGCGUUUUAGGAGUUA	(((((.(......).)))))
4L8H [20],1.R.A.1.:1.R.U.20.	20	1	1	1	1	1	0.941	1	1	1	AUGCAUGUCUAAGACAGCAU	((((.((((...))))))))
1EC6 [20],1.C.G.1.:1.C.C.20.	20	1	1	1	1	1	1	1	1	1	GAGGACCUAGAUCACCCCUC	((((............))))
7OYC [20],1.51.G.866.:1.51.C.885.	20	1	1	1	1	1	0.933	1	1	1	GCGGACUGCCCCCAGUGCGC	(((.((((....)))).)))
7NQ4 [20],1.C.A.25.:1.C.C.44.	20	1	1	1	1	1	0.923	1	1	1	AGCACGGCUGUAAACCGUGC	.((((((.......))))))
7Q3L [20],1.2.U.47.:1.2.A.66.	20	0.909	0.909	0.909	0.909	0.909	0.909	0.909	0.909	0.909	UAUCAGUUUAAUAUCUGAUA	.(((((........))))).
361D [20],1.A.C.79.:1.A.G.89.,1.A.A.89.A:1.A.G.97.	20	0.769	0.769	0.769	0.769	0.769	0.769	0.769	0.769	0.769	CUGGGCGGGCGACCGCCUGG	...(((((....)))))...
5F5H [21],1.C.C.2.:1.C.G.22.	21	1	1	1	1	1	1	1	1	1	CCACACCGUUCUAGGUGCUGG	(((((((......)))).)))
1URN [21],1.Q.A.1.:1.Q.U.21.	21	1	1	1	1	1	0.909	1	1	1	AAUCCAUUGCACUCCGGAUUU	(((((..........))))).
7Q3L [21],1.2.G.25.:1.2.C.45.	21	0.5	0.667	0.5	0.545	0	0.8	0.364	0.364	0.364	GAUCAAGUGUAGUAUCUGUUC	((.((.((.....)).)).))
5OSG [21],1.2.A.808.:1.2.G.828.	21	0.571	0.571	0.571	0.444	0.5	0.571	0.571	0.444	0.444	ACGCAUGUCAUGCAUGCCAGG	...(.(.......).).....
5ID6 [21],1.G.A.3.:1.G.C.23.	21	1	1	1	1	1	0.909	1	0.833	0.833	AAUUUCUACUAAGUGUAGAUC	....(((((.....)))))..
7PLI [21],1.G.G.1.:1.G.U.21.	21	1	1	0.769	1	1	1	0.667	0.667	0.667	GGACAUAUGGCUGUUCGCCAU	......(((((.....)))))
6KYV [22],1.A.G.1.:1.A.C.22.	22	1	1	1	1	1	0.947	1	1	1	GGUAGACGCUUCGGCGUUUGCC	(((((((((....)))))))))
6F4H [22],1.B.G.1.:1.B.C.22.	22	1	1	1	1	1	1	1	1	1	GGCCGCAUUGCACCUCGCGGCC	((((((..........))))))
7REX [22],1.C.U.1.:1.C.A.22.	22	0.571	1	0.444	1	0	1	1	0.833	0.833	UGUGGUUCGCAACCAUCCCACA	(((((............)))))
7QH7 [22],1.A.U.3174.:1.A.A.3195.	22	0	0.667	0	0.667	0	0.667	0.667	0.667	0.667	UAAAUGAUAUCAUCUCAACUUA	(((................)))
7PLI [22],1.C.G.1.:1.C.U.22.	22	1	1	0.769	1	1	0.909	0.667	0.667	0.667	GGACAUAUGGCUGUUCGCCAUU	......(((((.....))))).
2PLY [23],1.C.G.13.:1.C.C.35.	23	0.947	0.947	0.947	0.9	0.947	0.947	0.947	0.947	0.947	GGCGUUGCCGGUCUGGCAACGCC	((((((((((..).)))))))))
5UDZ [23],1.W.G.1.:1.W.G.23.	23	1	1	1	0.923	0.923	1	0.909	0.909	0.909	GGGGUAGUGAUUUUACCCUGGAG	((((((.......))))))....
2PJP [23],1.B.G.12.:1.B.C.34.	23	0.842	0.842	0.842	0.842	0.842	0.9	0.625	0.842	0.842	GGCGGUUGCAGGUCUGCACCGCC	(((((.(((((..))))))))))
2UWM [23],1.C.G.13.:1.C.C.35.	23	0.889	0.889	0.889	0.842	0.889	0.889	0.889	0.889	0.889	GGCGUUGCCGGUCUGGCAACGCC	((((.(((((..).)))).))))
2ANN [23],1.B.C.3.:1.B.G.25.	23	0	0	0	0	0	0	0	0	0	CGCGGAUCAGUCACCCAAGCGCG	(((...............)))..
5F9F [24],1.B.G.1.:1.B.C.24.	24	1	1	1	1	1	1	1	1	1	GAAUAUAAUAGUGAUAUUAUAUUC	((((((((((....))))))))))
7U0H [24],1.1.G.2957.:1.1.U.2980.	24	1	1	1	1	1	1	0.923	0.923	0.923	GACCGUCGUGAGACAGGUUAGUUU	(((((((....))).)))).....
5UDZ [24],1.V.G.1.:1.V.A.24.	24	1	1	1	0.923	0.923	1	0.909	0.714	0.714	GGGGUAGUGAUUUUACCCUGGAGA	((((((.......)))))).....
7P0V [24],1.B.G.139.:1.B.C.162.	24	1	1	1	1	1	0.889	1	1	1	GGGGACUGCGUUCGCGCUUUCCCC	(((((..(((....)))..)))))
1A9N [24],1.Q.C.0.:1.Q.U.23.	24	1	1	1	1	1	0.769	1	0.714	0.714	CCUGGUAUUGCAGUACCUCCAGGU	(((((.............))))).
8CSP [24],1.A.A.1276.:1.A.A.1299.	24	0.75	0.75	0.75	0.75	0.75	0.333	0.545	0.545	0.545	AACCCUGAUGAAGGCUACAAAGUA	.(((((.....))).......)).
5FJ1 [24],1.A.U.1.:1.A.C.24.	24	0.75	0.75	0.75	1	0.75	0.6	0.75	1	1	UGGGGAGCCGAAAGGCGAAGAACC	.((...(((....)))......))
3NVI [24],1.E.C.2.:1.E.C.25.	24	0.75	0.75	0.8	0.75	0.2	0.6	0.75	0.75	0.75	CUCUGACCGAAAGGCGUGAUGAGC	..(...((....))......)...
2QUX [25],1.C.G.1.:1.C.C.25.	25	1	1	1	1	1	1	1	1	1	GGCACAGAAGAUAUGGCUUCGUGCC	(((((.((((......)))))))))
6SKF [25],1.Aa.A.955.:1.Aa.G.979.	25	0.933	0.933	0.933	0.933	0.933	0.875	0	0	0	AAGGCCAGGCUGAAGGUCUUGCCGG	..(((.((((.....)))).)))..
6YMC [26],1.A.U.1.:1.A.A.26.	26	1	1	1	1	1	0.957	1	1	1	UCUCUGGUUAGGAAACUAACUAGGGA	(((((((((((....)))))))))))
2A43 [26],1.A.G.3.:1.A.G.28.	26	0.727	0.727	0.727	0.727	0.727	0.933	0.933	0.933	0.933	GCGGCACCGUCCGCUCAAACAAACGG	((((..[[[.)))).........]]]
7EEM [26],1.A.U.2647.:1.A.U.2672.	26	0.857	0.857	0.769	0.857	0.857	0.857	0.8	0.667	0.667	UGCUCCUAGUACGAGAGGACCGGAGU	.(((((.....(....)....)))))
8EUY [26],1.1.G.749.:1.1.C.774.	26	0	0.182	0	0.182	0	0.167	0	0.182	0.182	GUGGGAACGCCCUUGUGGCGUGCACC	..(....(.(....).).....)...
8EV3 [26],1.1.U.2983.:1.1.C.3008.	26	0.857	0.857	0.857	0.8	0.857	0.75	0.75	0.667	0.667	UCAUACCGAAGCAGAAUUCGGUAAGC	...(((((((......))))))..).
6P7M [26],1.B.A.1.:1.B.G.26.	26	1	1	1	0.769	1	1	1	0.833	0.833	AAUUUCUACUAAGUGUAGAUAAAGUG	....(((((.....))))).......
4L8R [26],1.A.C.1.:1.A.A.26.	26	1	1	1	1	1	0.923	1	0.8	0.8	CCAAAGGCUCUUUUCAGAGCCACCCA	.....((((((....)))))).....
4TUW [26],1.D.G.1.:1.D.C.26.	26	1	1	1	1	1	1	1	0.706	0.706	GGCCAAAGGCCCUUUUCAGGGCCACC	.......((((((....))))))...
6CMN [27],1.D.G.18.:1.D.C.44.	27	0.947	0.947	0.947	0.947	0.947	1	0.947	0.857	0.857	GCAGAUCUGAGCCUGGGAGCUCUCUGC	(((((...(((((...).)))))))))
1Q93 [27],1.A.G.2.:1.A.C.28.	27	0.909	0.909	0.909	0.909	0.857	0.8	0.909	0.769	0.667	GGUGCUCAGUAGGAGACGAACCGCACC	(((((......(....).....)))))
1MSY [27],1.A.U.2647.:1.A.G.2673.	27	0.8	0.8	0.714	0.857	0.857	0.706	0.909	0.769	0.667	UGCUCCUAGUACGUAAGGACCGGAGUG	.(((((.....(....)....))))).
7OF2 [27],1.A.C.2603.:1.A.A.2629.	27	0.933	0.933	0.769	0.933	0.933	0.824	0.769	0.588	0.588	CACUUGUUCCUUAAAUAGGGACCUGUA	.((..(((((.......)))))..)).
6YLG [27],1.1.G.1013.:1.1.U.1039.	27	0.6	0.6	0.444	0.6	0.6	0.6	0.6	0.462	0.462	GUUCCGGGGUCGAAAUGACCUUGACCU	......(..((.....))..)......
6AAX [28],1.B.G.922.:1.B.C.949.	28	1	1	1	1	1	1	1	1	1	GGUAAGUGUACUGGAAAGUGCACUUGCC	((((((((((((....))))))))))))
3SIU [28],1.C.C.28.:1.C.G.55.	28	0.857	0.857	0.857	0.857	1	1	0.706	0.706	0.706	CUGUCCAAUGAGCGCAUAGUGAGGGCAG	((((((.....((.....))..))))))
5M0I [28],1.E.G.1.:1.E.G.28.	28	0.857	0.857	0.923	0.8	0.8	0.75	0.727	0.533	0.533	GAUAACUGAAUCGAAAGACAUUAUCACG	((((......((....))...))))...
4TUW [28],1.C.G.1.:1.C.C.28.	28	1	1	1	1	1	1	1	0.706	0.706	GGCCAAAGGCCCUUUUCAGGGCCACCCC	.......((((((....)))))).....
7QH7 [28],1.A.A.3201.:1.A.U.3228.	28	1	1	1	1	1	0	0	0	0	AUACCCACACCCACCCAAGAACAGGGUU	............((((.......)))).
6DU4 [29],1.B.G.1.:1.B.C.29.	29	1	1	1	1	1	0.824	1	0.824	0.824	GGUUGGCGUAGGCUACAGAGAAGCCAACC	(((((((...............)))))))
3SN2 [29],1.B.G.2.:1.B.C.30.	29	0.957	0.957	0.957	0.957	0.957	0.96	0.957	0.957	0.957	GAUUAUCGGAAGCAGUGCCUUCCAUAAUC	((((((.((((((...).)))))))))))
1JBT [29],1.C.C.1.:1.C.G.29.	29	0.923	0.8	0.923	0.875	0.75	0.8	0.923	0.706	0.706	CGCUCCUCAGUACGAGAGGAACCGGAGCG	((((((......(....).....))))))
1OOA [29],1.C.C.1.:1.C.G.29.	29	1	1	1	1	1	0.947	0.941	0.842	0.842	CAUACUUGAAACUGUAAGGUUGGCGUAUG	(((((....((((....))))...)))))
8EV3 [29],1.1.G.749.:1.1.C.777.	29	0.941	0.941	0.941	1	1	0.889	0.714	0.588	0.476	GUGGGAACGCCCUUGUGGCGUGCACCAUC	((((..(((((.....)))))...)))).
5Y58 [30],1.X.G.286.:1.X.A.315.	30	0.947	0.947	1	0.9	1	0.9	0.706	0.6	0.727	GGACUUAUAGAUGGCUAAAAUCUGAGUCCA	((((((..((((.......)))))))))).
3SNP [30],1.C.G.1.:1.C.C.30.	30	0.909	0.909	0.833	0.909	0.909	0.96	0	0	0	GUUCUUGCUUCAACAGUGUUUGAACGGAAC	(((((.(.((((((...).)))))))))))
7S3H [30],1.R.A.68.:1.R.U.97.	30	0.952	0.952	0.706	0.952	0.952	0.87	0.75	1	1	AACUUGAAAAAGUGGCACCGAGUCGGUGCU	.((((....)))).((((((...)))))).
6UGI [31],1.A.G.1.:1.A.C.31.	31	1	1	1	1	1	0.96	1	1	1	GGAGCGGGCGGGUUCGAGUCCCGUCCGUUCC	((((((((((((.......))))))))))))
1JBR [31],1.D.G.0.:1.D.C.30.	31	0.933	0.824	0.933	0.889	0.778	0.778	0.933	0.737	0.737	GCGCUCCUCAGUACGAGAGGAACCGGAGCGC	(((((((......(....).....)))))))
5V3F [31],1.A.G.1.:1.A.C.31.	31	0	1	0	1	0	0.727	1	0.8	0.8	GUGCGAAGGGACGGUGCGGAGAGGAGAGCAC	((((.......................))))
5WTK [31],1.B.C.2.:1.B.A.32.	31	0.889	0.889	0.889	0.889	0.889	0.889	0.667	0.571	0.571	CACCCCAAUAUCGAAGGGGACUAAAACGACA	.(((((.........))))..).........
7OZQ [31],1.F.G.1.:1.F.A.31.	31	1	1	1	0.941	1	0.941	0.933	0.933	0.933	GUACUAGAUUGGUCGAAAGGCUAAUUGAUGA	......((((((((....)))))))).....
7PKT [32],1.1.U.150.:1.1.A.181.	32	1	1	1	1	1	0.923	1	0.857	0.75	UAUGCCUUUUGGCAUAUGAUUACACUUCGUUA	((((((....))))))................
2DR5 [32],1.B.G.1.:1.B.A.32.	32	0.818	0.818	0.818	0.818	0.818	0.783	0.818	0.818	0.818	GGCCCGGGGCGGUUCGAUUCCGCCCUGGGCCA	(((((.(.((((.......))).)).))))).
7OZQ [32],1.E.G.1.:1.E.C.32.	32	0.941	0.889	1	0.889	0.889	0.889	0.933	0.824	0.824	GUACUAGAUUGGUCGAAAGGCUAAUUGAUGAC	......((((((((....))))))))......
2DR7 [33],1.B.G.1.:1.B.C.33.	33	1	1	1	1	1	0.96	1	1	1	GGCCCGGGGCGGUUCGAUUCCGCCCUGGGCCAC	((((((((((((.......))))))))))))..
2OZB [33],1.C.A.20.:1.C.U.52.	33	1	1	1	0.8	1	1	0.824	0.947	0.783	AUCGUAGCCAAUGAGGUUUAUCCGAGGCGCGAU	(((((.(((.....((.....))..))))))))
7REX [33],1.B.U.1.:1.B.A.33.	33	1	1	0.444	1	1	1	1	0.833	0.714	UGUGGUUCGCAACCAUCCCACAUAAAAAAACUA	(((((............)))))...........
3GCA [33],1.A.C.1.:1.A.G.33.	33	0.833	0.833	0.833	0.833	0.833	0.857	0.833	0.714	0.625	CUGGGUCGCAGUAACCCCAGUUAACAAAACAAG	(((((...[.[....))))).........]..]
8D28 [33],1.A.G.1.:1.A.C.33.	33	0.947	0.947	0.947	0.947	0.947	0.818	0.444	0.4	0.4	GGCGAUACCAGCCGAAAGGCCCUUGGCAGCGCC	((((...((.(((....)))....))...))))
6QW6 [33],1.5.C.85.:1.5.A.117.	33	1	0.842	1	0.842	0.842	0.889	0.933	0.778	0.778	CCAAUUUUUUGAGGCCUUGCUUUGGCAAGGCUA	............((((((((....)))))))).
4OOG [34],1.D.C.1.:1.D.C.34.	34	1	1	1	1	1	1	1	1	1	CAUGUCAUGUCAUGAGUCCAUGGCAUGGCAUGGC	((((((((((((((....))))))))))))))..
2DR9 [34],1.B.G.1.:1.B.C.34.	34	1	1	1	1	1	0.96	1	1	1	GGCCCGGGGCGGUUCGAUUCCGCCCUGGGCCACC	((((((((((((.......))))))))))))...
1MJI [34],1.C.G.26.:1.C.C.59.	34	0.947	0.947	0.947	0.947	0.947	0.947	0.947	0.947	0.947	GGCACCUGACCCCAUGCCGAACUCAGAAGUGCCC	(((((((((...(.....)...))))..))))).
8FB3 [34],1.A.U.1.:1.A.G.34.	34	0.909	0.909	0.4	0.909	0.909	0.909	0.909	0.769	0.667	UGUGGUUCGCAACCAUCCCACAUAAAAAAACUAG	(((((....[.......)))))...........]
8D29 [34],1.C.G.1.:1.C.C.34.	34	0.778	0.778	0.3	0.706	0.952	0.917	0	0.333	0.3	GGCGAUACCAGCGAAACACGCCCUUGGCAGCGUC	((((.(.((((((.....)))...))).).))))
7QEP [34],1.1.U.1263.:1.1.U.1296.	34	0.714	0.714	0.714	0.526	0.526	0.588	0.714	0.625	0.476	UCUGCUGCGGAUUGUUAUGAUGCGAAGCAGCGAU	((.(((((...((.....))......))))))).
2DRB [35],1.B.G.1.:1.B.A.35.	35	1	1	1	1	1	0.96	1	1	1	GGCCCGGGGCGGUUCGAUUCCGCCCUGGGCCACCA	((((((((((((.......))))))))))))....
3R9X [35],1.C.C.1506.:1.C.U.1540.	35	0.9	0.9	0.9	0.9	0.9	0.9	0.9	0.783	0.783	CAACCGUAGGGGAACCUGCGGUUGGAUCACCUCCU	(((((((((.(...))))))))))...........
5DE5 [35],1.A.G.1.:1.A.C.35.	35	0.769	0.769	0.769	0.769	0.667	0.778	0.769	0.667	0.667	GCUGCGGUGUGGAAGGAGUGGCUGGGUUGCGCAGC	(((((.((....................)))))))
6CF2 [35],1.G.G.1.:1.G.C.35.	35	1	1	1	1	1	0.889	1	0.923	0.923	GGCUGGACUCGUACUUCGGUACUGGAGAAACAGCC	(((((..(((((((....))))..)))...)))))
6E80 [35],1.A.G.2.:1.A.C.36.	35	0.727	0.571	0.5	0.5	0.471	0.778	0.5	0.444	0.444	GCGCGAGGAAGGAGGUCUGAGGAGGUCACUGCGCC	((((...(........).((.....))...)))).
4C4W [35],1.D.G.1.:1.D.C.35.	35	0	0	0	0.889	0	0.8	0	0	0.2	GAGCAAGAGCCAUUGCACUCCGGUUUGAUGACCUC	(((...(((((..........)))))......)))
4FNJ [35],1.A.C.1.:1.A.G.35.	35	0.909	0.909	0.522	0.957	0.909	0.857	0	0	0	CUGCUGGCUAAGGCAUGAAAGUGCUAUGCCUGCUG	(.((.(((..((((((....))))).)))).)).)
6C65 [35],1.C.C.2.:1.C.G.36.	35	0.75	0.75	0.75	0.75	0.75	0.5	0.75	0.75	0.75	CGUACGAAGGAGAGGAGAGGUAGAGGAGAGUACGG	..(((........................)))...
5W1I [35],1.D.A.-27.:1.D.U.7.	35	0.889	0.889	0.889	0.889	0.889	0.8	0.667	0.667	0.667	AAGAUAGCCCAAGAAAGAGGGCAAUAACCAGAUAU	.....(((((........))))..)..........
1DDY [35],1.A.G.1.:1.A.A.35.	35	0.545	0.5	0.471	0.5	0.133	0.737	0.5	0.444	0.444	GGAACCGGUGCGCAUAACCACCUCAGUGCGAGCAA	......[[[.{((....((]]]...).).}.))..
4X4P [36],1.B.G.1.:1.B.C.36.	36	1	1	1	1	1	1	0.857	0.923	0.857	GGCCGCGGCAGGUUCGAGUCCUGCCGCGAUCGCCAC	((((((((((((.......)))))))))...)))..
2HW8 [36],1.B.G.2.:1.B.C.37.	36	1	1	0.923	1	1	0.889	0.857	0.857	0.857	GGGGUGAAGGAGGCUUCGGCCGCGAAACUUCACCCC	(((((((((..(((....)))......)))))))))
6E8T [36],1.A.G.1.:1.A.C.36.	36	1	1	1	1	1	0.933	1	0.737	0.737	GUACGAAGGAAGGUUUGGUAUGUGGUAUAUUCGUAC	(((((((......................)))))))
6E84 [36],1.A.G.1.:1.A.C.36.	36	0.714	0.588	0.526	0.556	0.526	0.842	0.556	0.5	0.5	GGCGCGAGGAAGGAGGUCUGAGGAGGUCACUGCGCC	(((((...(........).((.....))...)))))
3VJR [36],1.B.G.1.:1.B.A.36.	36	1	1	1	1	1	0.96	1	1	1	GGGGGCUAAGCGGUUCGAUCCCGCUUAGCUCCACCA	.((((((((((((.......))))))))))))....
6SY6 [36],1.D.G.2.:1.D.G.37.	36	0.909	0.909	0.5	0.909	0.909	0.833	0	0	0.267	GCGGAGAAUGUUAUGGCCUUCGGGCAGAGAAAACCG	..((...........(((....)))........)).
7OYB [36],1.22.A.139.:1.22.U.174.	36	0	0	0	0.923	0.909	0	0	0	0	ACUUGGAUAACUGUGGCAAUUCCAGAGCUAAUACAU	....(.....((.(((.....))).))......)..
1I6U [37],1.C.G.1.:1.C.C.37.	37	0.897	0.867	0.897	0.867	0.867	0.968	0.72	0.897	0.897	GGGCCCGGUAAGUCUCUUCGGAGAUACUGCCGGGCCC	(((((((((.((((((....))))..)))))))))))
6E8U [37],1.B.G.1.:1.B.C.37.	37	0.923	0.923	0.923	0.923	0	0.923	0.923	0.706	0.706	GUACGAAGGAAGGUUUGGUAUGGGGUAGUUGUCGUAC	((((((....(..................).))))))
6DTD [37],1.C.U.1.:1.C.C.37.	37	0.957	0.957	0.857	0.957	0.957	0.923	0.909	0.769	0.714	UGUUGCAUCUGCCUUCUUUUUGAAAGGUAAAAACAAC	.((((..(.(((((((.....).)))))).)..))))
7OYC [37],1.22.A.138.:1.22.G.174.	37	0	0	0	0.933	0.833	0.286	0	0	0	ACUUGGAUAACUGUGGUAAUUCUAGAGCUAAUACAUG	...((.....((.(((.....))).))......))..
7D8O [37],1.B.A.-3.:1.B.A.33.	37	0	0.727	0.571	0	0	0.571	1	0.737	0.737	AUUUAGGUGAUUUGCUACCUUUAAGUGCAGCUAGAAA	....((((....[[[.))))......]]]........
5W1I [37],1.B.A.-27.:1.B.G.9.	37	0.889	0.889	0.889	0.889	0.889	0.8	0.667	0.667	0.667	AAGAUAGCCCAAGAAAGAGGGCAAUAACCAGAUAUAG	.....(((((........))))..)............
1ZHO [38],1.B.G.1.:1.B.C.38.	38	1	1	0.929	1	1	0.929	0.87	0.867	0.867	GGGAGUGAAGGAGGCUUCGGCCGCGAAACUUCACUCCC	((((((((((..(((....)))......))))))))))
4PDB [38],1.I.G.1.:1.I.C.38.	38	0.889	0.889	0.889	0.857	0.857	0.933	0.783	0.889	0.897	GGGAUGCUCAGUGAUCCUUCGGGAUAUCAGGGCAUCCC	(((((((((...(((((....)))..)).)))))))))
6E8S [38],1.A.G.1.:1.A.C.38.	38	1	1	1	1	0.889	0.889	1	0.762	0.762	GCUACGAAGGAAGGAUUGGUAUGUGGUAUAUUCGUAGC	((((((((......................))))))))
2ZY6 [38],1.A.G.1.:1.A.C.38.	38	0.667	0.667	0.609	0.636	0.667	0.667	0.875	0.667	0.609	GCCCGGAUAGUGUCCUUGGGAAACCGAGUCCGGGCACC	(((((((..(.(...........))...)))))))...
6D12 [38],1.C.G.303.:1.C.C.340.	38	0.353	0.353	0.194	0	0.963	0.963	0	0	0	GGGCUGCAUGUGGCAGCUCGGGCUGCAUGUGGCAGCUC	(((((((.....)))))))(.(((((.....))))).)
6ID0 [38],1.H.G.147.:1.H.C.184.	38	0.952	0.952	0.952	0.952	0.952	0.8	0.952	0.741	0.741	GCAUCGACCUGGUAUUGCAGUACCUCCAGGAACGGUGC	(((.((.(((((.............)))))..)).)))
4KR6 [39],1.C.G.1.:1.C.A.39.	39	0.917	0.917	0.846	0.917	0.917	1	0.737	0.917	0.846	GCCCGGAUAGUGUCCUUGGGAAACCAAGUCCGGGCACCA	((((((((.......((((....))))))))))))....
7QH7 [39],1.A.C.2944.:1.A.C.2982.	39	0.842	0.842	0.842	0.842	0.842	0.8	0.706	0.696	0.696	CAAUCCUAUUCUAGAGUCCAUAUCAACAAUAGGGUUUAC	....((((((...((.......))...))))))......
7WTZ [40],1.2.G.1345.:1.2.C.1384.	40	0	0.333	0.1	0.727	0	0.609	0	0.261	0.261	GUUGGUGGAGCGAUUUGUCUGGUUAAUUCCGAUAACGAAC	(((.(((((....)))..(.((......)))...)).)))
4Y1M [40],1.A.U.34.:1.A.C.73.	40	0.783	0.692	0.741	0.833	0.56	0.667	0.7	0.56	0.519	UGUACGUGUCAACAUUUUCGUUGAAAAACGUGGCACGUAC	....(((((((.......(((......))))))))))...
7VTI [40],1.B.G.-3.:1.B.C.36.	40	0.857	0.857	0.857	0.909	0.857	0.692	0.5	0.8	0.667	GUAUGCUGGAGCAGCCCCCGAUUUGUGGGGUGAUUACAGC	....(((((...(((((((.....).)))))..)).))))
4M6D [41],1.B.G.10.:1.B.C.50.	41	0.588	0.556	0.556	0.632	0	0.75	0.556	0.455	0.417	GCGGCUAAAGAGUGCAGAGUUACUUAGUUCACUGCAGACGC	..(.((.......((((.(.(.[..)]..).)))))).)..
5M0H [42],1.A.G.1.:1.A.C.42.	42	0.929	0.929	0.929	1	1	0.839	0.75	0.692	0.562	GAUAACUGAAUCGCUAAGGAUGAAAGUCUAUGCGACAUUAUC	(((((.((..((((...((((....))))..)))))))))))
8C01 [42],1.2.G.1288.:1.2.A.1329.	42	0.455	0.455	0	0.455	0.455	0.64	0	0.2	0.16	GUUGGUGGAGUGAUUUGUCUGCUUAAUUGCGAUAACGAACGA	(((.(((((....)))..(.((......)))...)).)))..
4M6D [42],1.D.G.9.:1.D.C.50.	42	0.7	0.7	0.636	0.762	0	0.72	0.7	0.583	0.538	GGCGGCUAAAGAGUGCAGAGUUACUUAGUUCACUGCAGACGC	.(((.((.......((((.(.(.[..)]..).)))))).)))
5W1H [42],1.B.A.-28.:1.B.C.-1.,1.B.C.1.:1.B.G.14.	42	0.615	0.615	0.615	0.615	0.615	0.571	0.5	0.5	0.5	AAGAUAGCCCAAGAAAGAGGGCAAUAACCAGAUAUAGCCUGG	.....(((((........))))..).................
4M6D [43],1.L.G.9.:1.L.C.51.	43	0.6	0.6	0.5	0.667	0.6	0.769	0.6	0.5	0.462	GGCGGCUAAAGAGUGCAGAGUUACUUAGUUCACUGCAGACGCC	.(((.((.......((.(.(.(.[..)]..).).)))).))).
5BTM [43],1.A.U.8.:1.A.U.50.	43	0.909	0.909	0.909	0.857	0.909	0.8	0.522	0.429	0.4	UAUUCUAUCGGCUAAGGAUGAAAGUCUAUGCCGAUUCUAUUCU	.((...((((((...((((....))))..))))))...))...
5WLH [43],1.B.G.-29.:1.B.C.-1.,1.B.C.1.:1.B.G.14.	43	0.615	0.615	0.615	0.615	0.615	0.571	0.5	0.5	0.5	GAAGAUAGCCCAAGAAAGAGGGCAAUAACCAGAUAUAGCCUGG	......(((((........))))..).................
5O7H [43],1.A.C.1.:1.A.C.43.	43	1	1	1	1	1	0.909	0.769	0.556	0.556	CUUAGAAAGCAAACCUAUAACCGUUCACCGCCGCACAGGCGGC	...........................(((((.....))))).
7PMM [44],1.D.G.1.:1.D.U.44.	44	0.938	0.938	0.938	0.938	0.938	0.909	0.938	0.882	0.882	GGGAACCCUUCCCAAUAUGGCUGUUCGCCAUUUCGGGAAGGGUU	...((((((((((((.(((((.....))))))).))))))))))
6ZU5 [45],1.L50.G.1361.:1.L50.C.1405.	45	0.727	0.696	0.571	0.667	0.083	0.75	0.5	0.417	0.385	GCGGCCCGCCUGCGGACUCUUGCAGCACGAGGCAGCCCGCGCCGC	(((((..(.((((...(.......)......)))).)...)))))
6D3P [45],1.A.G.1.:1.A.C.45.	45	0.941	0.941	0.941	0.778	1	0.857	0.941	0.667	0.667	GGGCGUAACCUCCAUCCGAGUUGCAAGAGAGGGAAACGCAGUCUC	..((((..(((((.............).))))...))))......
6AAY [45],1.B.A.15.:1.B.A.59.	45	0.952	0.87	0.909	0.909	0.909	0.8	0.4	0.348	0.296	AAAUGAAAGUUGGAACUGCUCUCAUUUUGGAGGGUAAUCACAACA	........((((.....((((((......)))))).....)))).
2NUE [46],1.C.G.1.:1.C.C.46.	46	1	1	1	1	1	0.977	1	1	1	GGGACAAGCGCAAGGUCAUUCGCAAGAGUGGCCUUGCGCUUGUCCC	(((((((((((((((((((((....)))))))))))))))))))))
3IAB [46],1.R.G.59.:1.R.C.104.	46	1	1	1	1	1	0.923	0.857	0.8	0.8	GGACUCAGUAAUAUGCUUUGGAAACGAAGCUUACAAAAUGGAGUCC	((((((........((((((....))))))..........))))))
7QEP [46],1.3.G.480.:1.3.A.525.	46	0.667	0.667	1	0.667	0.667	0.667	0.6	0.6	0.6	GUAUGUCUUUGUGUGUGAUGUUUGUGGUUGUGUGUGGAUGUAGUGA	.(((((((....(((((((.......)))))))..)))))))....
7CPU [46],1.S2.A.141.:1.S2.C.186.	46	0	0	0	0.75	0.571	0	0	0	0	ACUUGGAUAACUGUGGUAAUUCUAGAGCUAAUACAUGCCGACGGGC	...((.....((..((.....))..))......))...........
7ZJW [46],1.S.C.1110.:1.S.A.1155.	46	0.471	0.471	0.632	0.421	0.4	0.526	0.5	0.381	0.348	CAUGACGGUCUGCCUGAAAACCAGCCCGCUGGUGGGGCAGUCCCGA	......((.(..........(((......))).......).))...
1S03 [47],1.A.G.1.:1.A.C.47.	47	0.75	0.706	0.706	0.865	0.889	0.722	0.774	0.727	0.743	GGACGAUGGCGAAACUGCAUGAGGCAAUUCAUGCAAGUCCCUCGUCC	((((((.((.((..((((((((......)))))).))))))))))))
2PXL [47],1.B.G.130.:1.B.U.176.	47	0.88	0.88	0.88	0.963	1	0.48	0	0.148	0.133	GCGGGUGUUUACCAGGUCAGGUCCGAAAGGAAGCAGCCAAGGCACUU	..((((((((....(((....(((....)))....))).))))))))
7PO4 [47],1.A.C.2493.:1.A.A.2539.	47	0.957	0.957	0.667	0.917	0.88	0.917	1	0.846	0.846	CCUGUUUACCAAAAACAUCACCUCUAGCAUCACCAGUAUUAGAGGCA	..(((((.....)))))...((((((.............))))))..
4C7O [48],1.E.U.0.:1.E.A.47.	48	0.8	0.923	0.923	0.7	0.667	0.976	0.32	0.552	0.5	UGUUGGUUCUCCCGCAACGCGGAAGCGUGUGCCGGGAUGUAGCUGGCA	((((((((((((((((((((....)))).))).)))).).))))))))
2VPL [48],1.B.G.2.:1.B.C.49.	48	0.97	0.97	0.909	0.97	0.97	0.889	0.8	0.909	0.857	GGAGUGAAGGAGGCUCGCGAACUCGCGAAGCCGAGAAACUUCACUCCC	(((((((((..(((((((......))).))))......))))))))).
6SPF [48],1.a.C.1060.:1.a.C.1107.	48	0.8	0.727	0.667	0.96	0.5	0.783	0.545	0.533	0.533	CAGCUCGUGUCGUGAGAUGUUGGGUUAAGUCCCGUAACGAGCGCAACC	..(((((((((....)))...(((......)))...))))))......
7OS0 [48],1.D.C.7.:1.D.G.54.	48	0.909	0.857	0.909	0.857	0.857	0.909	0.857	0.706	0.571	CAUCACCGCCAAGACGACGGCGGACUGAACCUUCAUUACCUCUGUUUG	....((((((........)))))..)......................
7EOI [49],1.A.G.1.:1.A.C.49.	49	0.933	0.903	0.25	0.968	0.968	0.714	0	0	0.182	GGCGCACUGGCGCUGCGCCUUCGGGCGCCAAUCGUAGCGUGUCGGCGCC	(((((.(..((((((((((....))))).......)))))...))))))
7D81 [50],1.A.G.1.:1.A.C.50.	50	1	1	1	1	1	0.944	0.903	1	0.895	GGUUUCAACAUCCCCGUUCGGCGCUCGAAAGAGGUGGCCGGACUGAAGCC	(((((((........(((((((.(((....)))...))))))))))))))
6IV9 [50],1.B.C.-30.:1.B.C.-1.,1.B.U.1.:1.B.A.20.	50	0.889	0.889	0.889	0.889	0.889	0.8	0.889	0.762	0.696	CACUGGUGCAAAUUUGCACUAGUCUAAAACUCCUCGAUUACAUACACAAA	.(((((((((....))))))))..).........................
6TB7 [52],1.A.G.1.:1.A.C.52.	52	0.865	0.842	0.842	0.571	0.895	0.872	0.438	0.571	0.513	GGCUUCAACAACCCCGUAGGUUGGGCCGAAAGGCAGCGAAUCUACUGGAGCC	(((((((.....[[.((((((((.(((....))).])]))))))))))))))
6VRB [52],1.B.G.1.:1.B.G.52.	52	0.8	0.8	0.8	0.8	0.8	0.8	0.533	0.381	0.435	GACUACCUCUAUAUGAAAGAGGACUAAAACCAUAUUUCCAAACUCCACUUUG	....(((((.........))))..)...........................
3VRS [52],1.A.G.1.:1.A.G.52.	52	0.5	0.846	0.968	0.37	0.37	0.815	0.968	0.909	0.909	GGGCGAUGAGGCCCGCCCAAACUGCCCUGAAAAGGGCUGAUGGCCUCUACUG	.[[[[..((((((]]]]......(((((....)))))....)))))).....
6IV8 [53],1.D.C.-30.:1.D.C.-1.,1.D.U.1.:1.D.A.23.	53	0.889	0.889	0.889	0.889	0.889	0.842	0.889	0.696	0.696	CACUGGUGCAAAUUUGCACUAGUCUAAAACUCCUCGAUUACAUACACAAAGCA	.(((((((((....))))))))..)............................
6LAS [55],1.A.G.1.:1.A.C.55.	55	0.867	0.867	0.483	0.97	0.97	0.733	0.609	0.857	0.882	GGCAUUGUGCCUCGCAUUGCACUCCGCGGGGCGAUAAGUCCUGAAAAGGGAUGUC	((((((..(((((((..........))))))).......(((....)))))))))
8HB8 [55],1.A.G.1.:1.A.A.55.	55	0.526	0.727	0.5	0.435	0.261	0.833	0.727	0.571	0.625	GCGGCGUUGCGUCCGAAAGUCUAAACAGACACGGCCGCUUAAAAACAAAAGGAGA	((((((...[.[[[....(((......))).).)))))............]]]].
1MZP [55],1.B.G.1.:1.B.C.55.	55	0.667	0.88	0.609	0.963	0.37	0.722	0.667	0.71	0.629	GGGAUGCGUAGGAUAGGUGGGAGCCGCAAGGCGCCGGUGAAAUACCACCCUUCCC	((((.(......[..(((((..(((....)))..........].)))))).))))
4K27 [55],1.U.G.1.:1.U.C.55.	55	1	1	1	0.938	1	0.865	0.692	0.621	0.595	GCCCCUGCCUGCCUGCAGCUAAGGAUGAAAGUCUAUGCUGCCUGCCUGCCUGGGC	((((..((..((..(((((...((((....))))..)))))..))..))..))))
7QH7 [56],1.A.A.3113.:1.A.C.3168.	56	0.667	0.667	0.71	0.828	0.571	0.688	0.417	0.438	0.412	AUUCCUCCCUGUACGAAAGGACAAGAGAAAUAAGGCCUACUUCACAAAGCGCCUUC	(((.(((......(....).....))).)))(((((...(((....))).))))).
1DK1 [57],1.B.G.1.:1.B.C.57.	57	0.919	0.947	0.564	0.947	0.703	0.837	0.552	0.485	0.41	GGGCGGCCUUCGGGCUAGACGGUGGGAGAGGCUUCGGCUGGUCCACCCGUGACGCUC	((((.(((....)))..(((((((((...(((....)))..))))).)))..)))))
1MMS [58],1.C.G.1051.:1.C.C.1108.	58	0.786	0.786	0.75	0.867	0.75	0.815	0.667	0.733	0.667	GCUGGGAUGUUGGCUUAGAAGCAGCCAUCAUUUAAAGAGUGCGUAACAGCUCACCAGC	(((((.(((..(((.........)))..))).....(...((......)).).)))))
6XJQ [58],1.A.G.1.:1.A.C.58.	58	0.8	0.8	0.75	0.971	0.971	0.727	0.759	0.629	0.595	GGCCGCUCCAGAAGAGGGCCCCCUUGCCCGUUAUCGGGGGCUAGGCUCGAUGUCGGCC	(((((...((...((((((((((..(........))))))))...)))..)).)))))
4M4O [59],1.B.G.1.:1.B.C.59.	59	0.857	0.833	0.811	0.865	0.833	0.884	0.526	0.591	0.591	GGGUUCAUCAGGGCUAAAGAGUGCAGAGUUACUUAGUUCACUGCAGACUUGACGAACCC	((((((.(((((.((.......((((.(.(.[..)]..).)))))).))))).))))))
6DB8 [60],1.R.G.1.:1.R.C.60.	60	0.914	0.889	0.842	0.757	0.944	0.889	0.727	0.632	0.667	GGAUGCGCCUUGAAAAGCCUGCGAAACACGCAGCUGGUGAAUGACAGCUAUGGCGCAUCC	(((((((((..(.....[).(((.....)))(((((......].)))))..)))))))))
7ELM [60],1.J.C.1.:1.J.G.60.	60	0	0	0.273	0	0	0.526	0	0	0	CUAAGAAAUUCACGGCGGGCUUGAUGUCCGCGUCUACCUGGUUCACUGCCGUGUAGGCAG	.............................................(((((.....)))))
5DDP [61],1.A.C.1.:1.A.G.61.	61	0.97	0.97	0.71	0.97	0.97	0.889	0.97	0.889	0.842	CGUUGACCCAGGAAACUGGGCGGAAGUAAGGUCCAUUGCACUCCGGGCCUGAAGCAACGCG	(((((.(((((....)))))..[.....((((((..........))))))....)))))].
4U7U [61],1.L.A.1.:1.L.G.61.	61	0.75	0.706	0.632	0.667	0.667	0.923	0.706	0.522	0.48	AUAAACCGGGCUCCCUGUCGGUUGUAAUUGAUAAUGUUGAGAGUUCCCCGCGCCAGCGGGG	.............................................((((((....))))))
6V9Q [61],1.K.C.1.:1.K.A.61.	61	0.571	0.25	0.222	0	0.5	0.222	0	0	0	CUGAUAACUUACAGGACGCUUUGGCUUCAUUGCUUUUCAGGUGAACUGCCGAGUAGGUAGA	.............................................(((((.....))))).
7TAW [61],1.M.C.1.:1.M.C.61.	61	0.533	0.533	0.533	0.533	0.444	0.471	0	0	0	CUAAGAAAUUCACGGCGGGCUUGAUGUCCGCGUCUACCUGAUUCACUGCCGUAUAGGCAGC	..............................................((((.....))))..
6RFL [63],1.U.C.5.:1.U.G.67.	63	0.848	0.848	0.757	0.944	0.529	0.872	0.526	0.634	0.605	CCAUGGUGUAAUGGUUAGCACUCUGGACUUUGAAUCCAGCGAUCCGAGUUCAAAUCUCGGUGG	(((..((((....[...)))).(((((.......)))))....(((((..]....))))))))
4XW7 [64],1.A.G.1.:1.A.A.64.	64	0.686	0.686	0.686	0.757	0.757	0.872	0.364	0.579	0.524	GGGUCGUGACUGGCGAACAGGUGGGAAACCACCGGGGAGCGACCCUUGCCGCCCGCCUGGGCAA	(((((((..((........(((((....))))).))..)))))))(((((.........)))))
3EGZ [65],1.B.G.1.:1.B.C.65.	65	0.97	1	0.97	1	0.941	0.97	0.867	1	0.944	GAGGGAGAGGUGAAGAAUACGACCACCUAGGUACCAUUGCACUCCGGUACCUAAAACAUACCCUC	(((((...((((...........))))((((((((..........)))))))).......)))))
6ZDQ [65],1.C.G.1259.:1.C.C.1261.,1.C.A.1263.:1.C.G.1286.,1.C.U.1288.:1.C.U.1322.,1.C.G.1324.:1.C.C.1326.	65	0.812	0.757	0.722	0.811	0.811	0.235	0.588	0.513	0.488	GGCAAGGGCUUCCCGAAUUGUGGAUAGUUCAAUACUCGAAAAAAUUGGAAGUAGGGUAUGUUGCC	((((.((((((((........))).))))).((((((................))))))..))))
5E54 [65],1.A.G.13.:1.A.U.77.	65	0.75	0.75	0.706	0.686	0.686	0.649	0.462	0.75	0.706	GGGAAGAUAUAAUCCUAAUGAUAUGGUUUGGGAGUUUCUACCAAGAGCCUUAAACUCUUGAUUAU	......(((...((((((......[[.))))))((.{..))((((((]].....))))))}.)))
7LYJ [66],1.A.C.1.:1.A.U.66.	66	0.894	0.894	0.894	0.894	0.816	0.941	0.844	1	0.963	CGGUGUAAGUGCAGCCCGUCUUACACCGUGCGGCACAGCGGAAACGCUGAUGUCGUAUACAGGGCU	(((((((((...[[[[[..)))))))))((((((((((((....))))).)))))))....]]]]]
8A22 [66],1.A5.C.12.:1.A5.U.77.	66	0.3	0.3	0.48	0.429	0	0.4	0	0	0	CAAACAACCAGGAGGUGGGCUUGGAAGCAGCCAUCCUUUGAAGAAAGCGUAAUAGCUCUGCUUUUU	.....((.....(((..(((.........)))..))).....(...((......)).).....)).
7ENI [66],1.B.A.9.:1.B.C.74.	66	0.97	0.97	1	0.97	0.97	0.889	0.686	0.632	0.585	AUUUCUAUUUACGUUUUAGUACUCUGGAAACAGAAUCUACUAAAACAAGGCAAAAUGCCGUGUUUC	............(((((((((.((((....))))...)))))))))..(((.....))).......
3RKF [67],1.A.G.15.:1.A.C.81.	67	0.909	0.909	0.909	0.909	0.909	0.833	0.909	0.898	0.868	GGCCAUAUAACUGCGUGGAUAUAGCACGCAGGUUUCUACCGGGCACUGUAAAUGUCCGACUAUGGUC	((((((((..(((((((.....[[)))))))[.....)]((((((]].....))))))..)))))))
6U8D [68],1.A.G.143.:1.A.U.174.,1.A.C.177.:1.A.G.180.,1.A.G.198.:1.A.A.201.,1.A.C.219.:1.A.G.222.,1.A.A.225.:1.A.C.248.	68	0.981	0.981	0.868	0.981	0.981	0.982	0.92	0.981	0.981	GGGUCUCGCGGAACCGGUGAGUACACCGGAAUCCAGGAAACUGGAUUUGGGCGUGCCCCCGCGAGACC	.((((((((((..((((((....))))))(((((((....))))))).((((..))))))))))))))
8CSS [68],1.A.C.1491.:1.A.A.1558.	68	0.875	0.875	0.875	0.875	0.875	0.848	0.5	0.6	0.765	CACCCUCCUCAAGUAUACUUCAAAGGACAUUUAACUAAAACCCCUACGCAUUUAUAUAGAGGAGACAA	....((((((..(((((..((..(((....((.....))...)))..).)..))))).))))))....
4PQV [68],1.A.G.1.:1.A.U.68.	68	0.385	0.312	0.389	0.278	0.27	0.93	0.294	0.439	0.419	GGGUCAGAUCGGCGAAAGUCGCCACUUCGCCGAGGAGUGCAAUCUGUGAGGCCCCAGGAGGACUGGGU	..[.(((((((((....)))).((((((.....))))))].)))))......(((((.....))))).
5OB3 [69],1.A.G.1.:1.A.C.69.	69	0.895	0.895	0.895	0.905	0.826	0.85	0.895	0.85	0.791	GGGAGUACGGUGAGGGUCGGGUCCAGUAGGUACGCCUACUGUUGAGUAGAGUGUGGGCUCCGUACUCCC	((((((((((.(.....(...(((((((((....)))))))..)).........)..).))))))))))
7QR4 [69],1.B.G.1.:1.B.U.69.	69	0.378	0.368	0.474	0.341	0.333	0.571	0.389	0.359	0.311	GGGGGCCACAGCAGAAGCGUUCACGUCGCAGCCCCUGUCAGCCAUUGCACUCCGGCUGCGAAUUCUGCU	[[[[[[...((((((((((.......))).]]]]]]..(((((..........)))))....)))))))
5UD5 [70],1.C.G.1.:1.C.C.7.,1.C.U.9.:1.C.U.15.,1.C.G.18.:1.C.G.47.,1.C.C.49.:1.C.C.74.	70	0.979	0.979	0.92	0.979	0.979	0.939	0.884	0.885	0.885	GGAAACCUGAUCAUGUAGAUCGAAUGGACUCUAAAUCCGUUCAGCCGGGUUAGAUUCCCGGGGUUUCCGC	(((((((.((((...[.))))(((((((.......)))))))..(((((..]....))))))))))))..
1KXK [70],1.A.G.1.:1.A.C.70.	70	0.844	0.833	0.809	0.816	0.809	0.846	0.737	0.756	0.694	GUCUACCUAUCGGGCUAAGGAGCCGUAUGCGAUGAAAGUCGCACGUACGGUUCUAUGCCCGGGGGAAAAC	.....(((..(((((...(((((((((((((((....)))))..))))))))))..))))))))......
1Y26 [71],1.X.C.13.:1.X.G.83.	71	0.913	0.913	0.958	0.913	0.913	0.851	0.75	0.913	0.868	CGCUUCAUAUAAUCCUAAUGAUAUGGUUUGGGAGUUUCUACCAAGAGCCUUAAACUCUUGAUUAUGAAGUG	((((((((((..((((((......[[.))))))[.....)]((((((]].....))))))..)))))))))
5TF6 [71],1.B.G.30.:1.B.C.100.	71	0	0	0.462	0	0.556	0.452	0	0	0	GGUCAAUUUGAAACAAUACAGAGAUGAUCAGCAGUUCCCCUGCAUAAGGAUGAACCGUUUUACAAAGAGAC	.(((..((((...................(((.((((.(((.....)))..)))).)))...))))..)))
5TPY [71],1.A.G.1.:1.A.G.71.	71	0.784	0.784	0.784	0.784	0.588	0.923	0.579	0.784	0.784	GGGUCAGGCCGGCGAAAGUCGCCACAGUUUGGGGAAAGCUGUGCAGCCUGUAACCCCCCCACGAAAGUGGG	..{.(((((((((....)))).((((((..[[[[...))))))}.)))))...]]]](((((....)))))
4ZT0 [72],1.B.G.11.:1.B.U.82.	72	0.824	0.824	0.757	0.444	0.667	0.722	0	0	0	GAUGAGACGCGUUUUAGAGCUAGAAAUAGCAAGUUAAAAUAAGGCUAGUCCGUUAUCAACUUGAAAAAGUGU	..........((((((..((((....))))....))))))..(((..).)).......((((....))))..
4ZNP [73],1.A.G.1.:1.A.C.73.	73	0.865	0.865	0.727	0.842	0.865	0.727	0.895	0.93	0.889	GGGAUACAGGACUGGCGGAUUAGUGGGAAACCACGUGGACUGUAUCCGAAAAAAAGCCGACCGCCUGGGCAUC	.((((((((..(.[[[[[....((((....))))..)..))))))))........(((..]]]]]..)))...
1SJ3 [73],1.R.U.100.:1.R.C.172.	73	0.148	0.118	0.186	0.778	0	0.571	0	0	0	UGGCCGGCAUGGUCCCAGCCUCCUCGCUGGCGCCGGCUGGGCAACACCAUUGCACUCCGGUGGUGAAUGGGAC	.(((((((...[[[[[[(((.[[.....))))))))))]]....((((..........)))).....]]]]]]
5D8H [74],1.A.G.1151.:1.A.C.1224.	74	0.8	0.8	0.7	0.842	0.769	0.667	0.667	0.606	0.556	GCCUAAGACAGCGGGGAGGUUGGCUUAGAAGCAGCCAUCCUUUAAAGAGUGCGUAACAGCUCACCCGUCGAGGC	(((.......(((((.(((..(((.........)))..))).....(...((......)).).)))))...)))
1SJF [74],1.B.A.99.:1.B.C.172.	74	0.143	0.118	0.186	0.778	0	0.5	0	0	0	AUGGCCGGCAUGGUCCCAGCCUCCUCGCUGGCGCCGGCUGGGCAACACCAUUGCACUCCGGUGGUGAAUGGGAC	..(((((((...[[[[[[(((.[[.....))))))))))]]....((((..........)))).....]]]]]]
1G59 [75],1.B.G.501.:1.B.A.546.,1.B.C.548.:1.B.A.576.	75	0.955	0.955	0.955	0.955	0.955	0.913	0.93	0.833	0.769	GGCCCCAUCGUCUAGCGGUUAGGACGCGGCCCUCUCAAGGCCGAAACGGGGGUUCGAUUCCCCCUGGGGUCACCA	(((((((..((((....[...)))).(((((.......)))))....(((((..]....))))))))))))....
2CSX [75],1.C.G.1.:1.C.C.21.,1.C.A.21.A:1.C.C.74.	75	0.952	0.952	0.889	0.952	0.711	0.894	0.375	0.732	0.625	GGCGGCGUAGCUCAGCUGGUCAGAGCGGGGAUCUCAUAAGUCCCAGGUCGGAGGUUCGAGUCCUCCCGCCGCCAC	(((.(((..((((.....[...)))).(((((.......))))).....(((((..]....)))))))).)))..
7PKT [75],1.0.G.25.:1.0.A.99.	75	0.78	0.81	0.615	0.739	0.913	0.889	0.81	0.739	0.642	GGUGCUCGGUGAAACCGAGCAUCCAAUACUAAAGAAACUUUACUGGCUUAGUACUGGGACCCCAUUUUUAGUAUA	(.(((.(((.....))).))).)..((((((((((.......(((((...)..)))).......)))))))))).
8CSQ [77],1.A.C.1488.:1.A.A.1564.	77	0.824	0.824	0.889	0.824	0.824	0.75	0.353	0.279	0.261	CGUCACCCUCCUCAAGUAUACUUCAAAGGACAUUUAACUAAAACCCCUACGCAUUUAUAUAGAGGAGACAAGUCGUA	((.....((((((..(((((..((..(((....((.....))...)))..).)..))))).))))))......))..
2CKY [77],1.A.G.1.:1.A.C.77.	77	0.686	0.632	0.409	0.632	0.632	0.905	0	0	0	GGGACCAGGGGUGCUUGUUCACAGGCUGAGAAAGUCCCUUUGAACCUGAACAGGGUAAUGCCUGCGCAGGGAGUGUC	..((((((((..(((((....))))).........)))).....(((...((((......))))...)))..).)))
6XU8 [77],1.A5.G.2820.:1.A5.U.2896.	77	0.812	0.765	0.812	0.811	0.667	0.703	0.6	0.75	0.714	GACAUAAGAGGUGUAGAAUAAGUGGGAGAUAUUAGACCUCGGUUUGGUAUCGUCAAUGAAAUACCACUACUCUUAUU	...(((((((.............((....((((((........))))))..............))....))))))).
3AMT [78],1.B.G.1.:1.B.U.21.A,1.B.C.21.B,1.B.A.21.C:1.B.A.76.	78	0.85	0.829	0.773	0.955	0.723	0.894	0.667	0.773	0.694	GGGCCCGUAGCUUAGCCAGGUCAGAGCGCCCGGCUCAUAACCGGGCGGUCGAGGGUUCGAAUCCCUCCGGGCCCACCA	(((((((..((((......[...))))(((((.........)))))....(((((..]....))))))))))))....
3U4M [80],1.B.G.2105.:1.B.C.2184.	80	0.703	0.889	0.727	0.783	0.591	0.792	0.533	0.93	0.833	GGGAUGCGUAGGAUAGGUGGGAGCCUGUGAACCCCCGCCUCCGGGUGGGGGGGAGGCGCCGGUGAAAUACCACCCUUCCC	((((.(......[..(((((..(((......((((((((....))))))))...)))..........].)))))).))))
3AM1 [81],1.B.G.1.:1.B.C.81.	81	0.947	0.947	0.733	0.966	0.983	0.915	0.815	0.746	0.721	GGCGCGGGGUACCGGGCUUGGUAGCCCGGGGCUUCGGCCGAGGGCGAGAGCCCUCGGGGUUCGAUUCCCCCCCUGCGCCGC	(((((((((..(((((((..[.)))))))(((....)))((((((....))))))((((..]....)))))))))))))..
6JQ6 [81],1.U.U.1.:1.U.U.81.	81	0.973	0.857	0.973	0.837	0.857	0.718	0.667	0.585	0.5	UUACUGUGAGAAUCAGUAACAAACAUGUGGGGCUUAUAUCUAAUCUUCGGAUUAGUAUUAGUGCAGACGUUAAAACCAUGU	((((((.......))))))...........((((.(((.((((((....))))))))).))).).................
7UIN [81],1.B.A.401.:1.B.A.481.	81	0.229	0.229	0.511	0	0.409	0.195	0	0.286	0.267	AAUGUCUCGUAUUGCAGAAAUGACAACAUCUGCCGUAACCAAUCGGGUAAAAGGUGGUCAAAUCAAGCGAGACGGAAAGGA	......((((.((((.((..((((..(((((.(((........))).....)))))))))..))..)))).))))......
2HOO [83],1.A.G.9.:1.A.A.91.	83	0.791	0.773	0.739	0.773	0.553	0.776	0.556	0.651	0.538	GCGACUCGGGGUGCCCUUCUGCGUGAAGGCUGAGAAAUACCCGUAUCACCUGAUCUGGAUAAUGCCAGCGUAGGGAAGUCGCA	((((((((((.((((............)))......)..)))).....(((...((((......))))...)))..)))))).
6B14 [83],1.R.G.2.:1.R.C.84.	83	0.78	0.78	0.78	0.375	0.885	0.889	0.78	0.64	0.561	GACGCGACCGAAAUGGUGAAGGACGGGUCCAGUGCGAAACACGCACUGUUGAGUAGAGUGUGAGCUCCGUAACUGGUCGCGUC	((((((((((..((((.(.....(...(((((((((.....)))))))..)).........)..).))))..).)))))))))
4FRG [84],1.B.G.1.:1.B.A.84.	84	0.714	0.714	0.682	0.783	0.269	0.739	0.651	0.63	0.607	GGCCUAAAAGCAUAGUGGGAAAGUGACGUGAAAUUCGUCCAGAUGCGAAAGCAUACGGUUAUACUCCGAAUGCCACCUAGGCCA	((((((....[...((((....(.((((.......)))))[[((((....)))).(((.....]])))...])))).)))))).
6GSJ [84],1.1H.G.2807.:1.1H.C.2889.,1.1H.G.2891.	84	0.875	0.857	0.808	0.857	0.846	0.41	0.541	0.826	0.776	GUAAGGACCCGGGAAGACCACCCGGUGGAUGGGCCGGGGGUGUAAGCGCCGCGAGGCGUUGAGCCGACCGGUCCCAAUCGUCCG	....(((((((((.......)))))....((((((((..((....(((((....)))))...))...))))).)))...)))).
7BOF [87],1.A.A.1408.:1.A.G.1494.	87	0.897	0.897	0.931	0.951	0.885	0.836	0.2	0.16	0.145	ACACCAUGGGAGUGGGUUGCAAAAGAAGUAGGUAGCUUAACCUUCGGGAGGGCGCUUACCACUUUGUGAUUCAUGACUGGGGUGAAG	.((((.(.(..((((((((((((....((((((.((((..((....)).))))))))))...))))))))))))..).).))))...
7EVO [88],1.H.G.97.:1.H.C.184.	88	0.905	0.844	0.844	0.905	0.429	0.809	0.303	0.522	0.453	GGAUUUUUGGAGCAGGGAGAUGGAAUAGGAGCUUGCUCCGUCCACUCCACGCAUCGACCUGGUAUUGCAGUACCUCCAGGAACGGUGC	...............(((..(((....((((....))))..))).)))..(((.((..((((.............))))...)).)))
3SD3 [89],1.A.G.1.:1.A.A.89.	89	0.769	0.769	0.727	0.582	0.644	0.857	0.588	0.655	0.613	GGAGAGUAGAUGAUUCGCGUUAAGCGUGUGUGAAUGGGAUGUCGUCACACAACGAAGCGAGAGCGCGGUGAAUCAUUGCAUCCGCUCCA	((((....((((((((((((......(((((((...[[[[[...))))))).....((....))))).))))))))).]]]]].)))).
4YB1 [91],1.R.G.8.:1.R.G.98.	91	0.611	0.718	0.558	0.826	0.32	0.8	0.293	0.367	0.346	GGGCACGCACAGAGCAAACCAUUCGAAAGAGUGGGACGCAAAGCCUCCGGCCUAAACCAUUGCACCUCGGUAGGUAGCGGGGUUACCGAUG	...((((......((...((((((....))))))..[))...(((.(((((((...((..........)).)))).]))))))...)).))
3ADB [92],1.C.G.1.:1.C.G.5.,1.C.C.5.A,1.C.C.5.B:1.C.U.16.,1.C.G.18.:1.C.U.20.,1.C.C.20.A:1.C.G.47.,1.C.C.47.A,1.C.C.47.B,1.C.C.47.C,1.C.C.47.D,1.C.G.47.E,1.C.A.47.F,1.C.G.47.G,1.C.U.47.H,1.C.G.47.I,1.C.G.47.J,1.C.G.47.K,1.C.G.47.L,1.C.C.47.M,1.C.G.47.N:1.C.C.48.,1.C.G.50.:1.C.C.64.,1.C.G.66.:1.C.C.67.,1.C.G.67.A,1.C.G.67.B:1.C.A.76.	92	0.985	0.985	0.941	0.969	0.985	0.955	0.786	0.896	0.845	GGCCGCCGCCACCGGGGUGGUCCCCGGGCCGGACUUCAGAUCCGGCGCGCCCCGAGUGGGGCGCGGGGUUCAAUUCCCCGCGGCGGCCGCCA	(((((((((..((((((..[.))))))((((((.......))))))(((((((....)))))))((((..]....)))))))))))))....
3CUL [92],1.D.G.101.:1.D.A.192.	92	0.863	0.863	0.926	0.815	0.982	0.792	0.84	0.737	0.677	GGAUGGCGAAAGCCAUUUCCGCAGGCCCCAUUGCACUCCGGGGUAUUGGCGUUAGGUGGUGGUACGAGGUUCGAAUCCUCGUACCGCAGCCA	(((((((....)))))).)(((..(((((..........)))))....)))...(((.(((((((((((.......))))))))))).))).
3IQP [94],1.A.G.1.:1.A.G.94.	94	0.912	0.912	0.814	0.893	0.877	0.825	0.542	0.691	0.655	GGCUUAUCAAGAGAGGUGGAGGGACUGGCCCGAUGAAACCCGGCAACCAGAAAUGGUGCCAAUUCCUGCAGCGGAAACGUUGAAAGAUGAGCCG	((((((((....(.(((...(((.[.[[)))......))))(((.((((....)))))))...(]].](((((....)))))..))))))))).
6DVK [95],1.H.G.1.:1.H.A.95.	95	0.984	0.984	0.984	0.984	0.939	0.954	0.931	0.871	0.818	GUUGAUAUGGAUUUACUCCGAGGAGACGAACUACCACGAACAGGGGAAACUCUACCCGUGGCGUCUCCGUUUGACGAGUAAGUCCUAAGUCAACA	((((((..((((((((((...(((((((.....(((((....(((....)))....)))))))))))).......))))))))))...)))))).
4L81 [96],1.A.G.1.:1.A.U.96.	96	0.915	0.969	0.969	0.881	0.871	0.912	0.565	0.847	0.781	GGAUCACGAGGGGGAGACCCCGGCAACCUGGGACGGACACCCAAGGUGCUCACACCGGAGACGGUGGAUCCGGCCCGAGAGGGCAACGAAGUCCGU	(((((....((((....))))(((..((((((.[[[[..))).))).)))..(((((....)))))))))).((((....)))).......]]]].
4XCO [96],1.E.G.142.:1.E.G.237.	96	0.929	0.929	0.868	1	1	0.762	0.52	0.448	0.413	GGCGGUGGGGGAGCAUCUCCUGUAGGGGAGAUGUAACCCCCUUUACCUGCCGAACCCCGCCAGGCCCGGAAGGGAGCAACGGUAGGCAGGACGUCG	((((..(((((.(((((((((....)))))))))..)))))....((((((.....(((.....(((....))).....)))..)))))).)))).
7OF0 [98],1.A.A.3112.:1.A.A.3209.	98	0.593	0.593	0.647	0.75	0.41	0.4	0.286	0.256	0.222	AAUUCCUCCCUGUACGAAAGGACAAGAGAAAUAAGGCCUACUUCACAAAGCGCCUUCCCCCGUAAAUGAUAUCAUCUCAACUUAGUAUUAUACCCACA	.(((.(((......(....).....))).)))(((((...(((....))).)))))......(((................)))..............
6ID0 [98],1.B.U.7.:1.B.C.104.	98	0.783	0.783	0.783	0.792	0.792	0.895	0.756	0.667	0.618	UGGUUUCUCUUCAGAUCGCAUAAAUCUUUCGCCUUUUACUAAAGAUUUCCGUGGAGAGGAACAACUCUGAGUCUUAACCCAAUUUUUUGAGGCCUUGC	....(((((((((....(...((((((((.(.......).)))))))).).)))))))))......................................
1Z43 [101],1.A.G.138.:1.A.G.238.	101	0.968	0.968	0.915	0.968	0.968	0.769	0.51	0.464	0.419	GCUCGGCGGUGGGGGAGCAUCUCCUGUAGGGGAGAUGUAACCCCCUUUACCUGCCGAACCCCGCCAGGCCCGGAAGGGAGCAACGGUAGGCAGGACGUCGG	..((((((..(((((..((((((((....))))))))...)))))....((((((.....(((.....(((....))).....)))..)))))).))))))
6WJR [111],1.X.G.1.:1.X.U.111.	111	0.76	0.76	0.519	0.83	0.71	0.772	0.244	0.259	0.23	GGAUCUUCGGGGCAGGGUGAAAUUCCCGACCGGUGGUAUAGUCCACGAAAGUAUUUGCUUUGAUUUGGUGAAAUUCCAAAACCGACAGUAGAGUCUGGAUGAGAGAAGAUU	.(((((((......(((.......))).((((((((....[[))))..(((......)))...(((((.......)))))]])).[[[....))]]].......)))))))
6YLG [111],1.1.A.3168.,1.1.A.3170.:1.1.A.3279.	111	0.556	0.556	0.545	0.556	0.3	0.4	0.381	0.333	0.276	AAUAGAUGGAUACGAAUAAGGCGUCCUUGUGGCGUCGCUGAACCAUAGCAGGCUAGCAACGGUGCACUUGGCGGAAAGGCCUUGGGUGCUUGCUGGCGAAUUGCAAUGUCA	.......((.(........(((((((..).)))))).....))).......((((((...(((((.(..(((......)))..).))))).))))))..............
4V8G [120],1.BB.U.1.:1.BB.A.120.	120	0.904	0.868	0.805	0.937	0.716	0.851	0.667	0.567	0.528	UCCCCCGUGCCCAUAGCGGCGUGGAACCACCCGUUCCCAUUCCGAACACGGAAGUGAAACGCGCCAGCGCCGAUGGUACUGGGCGGGCGACCGCCUGGGAGAGUAGGUCGGUGCGGGGGA	(((((((((((....((((((((....(((((((...(.....)...))))..)))...)))))).))(((.......((((((((....)))))))).......))).)))))))))))
7QWR [122],1.5.C.1718.:1.5.G.1823.,1.5.A.1825.:1.5.G.1840.	122	0.61	0.61	0.562	0.648	0.693	0.353	0.316	0.265	0.243	CACGCAGUUUUAUCCGGUAAAGCGAAUGAUUAGAGGUCUUGGGGCCGAAACGAUCUCAACCUAUUCUCAAACUUUAAAUGGGUAAGAAGCCCGGCUCGCUGGCGUGAGCCGGGCGUGGAAUG	.....(.((((((((....(((....(((..(.(((..(.((.(.(.....)..)))).))).)..)))..)).)....))))))...(((((((((........)))))))))...)).).
6TH6 [125],1.BB.G.1.:1.BB.A.125.	125	0.897	0.897	0.854	0.889	0.902	0.824	0.245	0.567	0.676	GGUACGGCGGCCAUAGCGGCGGGGCCACACCCGGUCUCGUUUCGACCCCGGAAGUUAAGCCCGCCAGCGUUCCCGGGUGUACUGCCCUCCGAGAGGGGGCGGGAAACCGGGAACGCCGCCGGCCA	(((.(((((((....((((((((.....((((((...(.....)...))))..))....)))))).))..((((((.....((((((.((....))))))))....))))))..)))))))))).
3V7E [126],1.C.G.1.:1.C.A.126.	126	0.932	0.932	0.828	0.932	0.932	0.911	0.73	0.771	0.744	GGCUUAUCAAGAGAGGUGGAGGGACUGGCCCGAUGAAACCCGGCAACCACUAGUCUAGCGUCAGCUUCGGCUGACGCUAGGCUAGUGGUGCCAAUUCCUGCAGCGGAAACGUUGAAAGAUGAGCCA	((((((((....(.(((...(((.[.[[)))......))))(((..(((((((((((((((((((....))))))))))))))))))).)))...(]].](((((....)))))..))))))))).
7OSM [131],1.25S.C.489.:1.25S.A.619.	131	0.8	0.779	0.875	0.765	0.756	0.514	0.467	0.576	0.494	CACUGGGCCAGCAUCAGUUUUGGUGGCAGGAUAAAUCCAUAGGAAUGUAGCUUGCCUCGGUAAGUAUUAUAGCCUGUGGGAAUACUGCCAGCUGGGACUGAGGACUGCGACGUAAGUCAAGGAUGCUGGCA	......(((((((((((((((((((((((.......((((((........(.((((..)))).).........)))))).....))))).))))))))))........(((....)))....)))))))).
3NDB [136],1.M.G.123.:1.M.C.258.	136	0.932	0.944	0.835	0.968	0.968	0.727	0.521	0.595	0.556	GUCUCGUCCCGUGGGGCUCGGCGGUGGGGGAGCAUCUCCUGUAGGGGAGAUGUAACCCCCUUUACCUGCCGAACCCCGCCAGGCCCGGAAGGGAGCAACGGUAGGCAGGACGUCGGCGCUCACGGGGGUGCGGGAC	((((((..(((((.(((.(((((..(((((.(((((((((....)))))))))..)))))....((((((.....(((.....(((....))).....)))..)))))).))))))).).))))).....))))))
7MQA [145],1.L2.A.73.:1.L2.U.217.	145	0.838	0.816	0.764	0.6	0.86	0.838	0.492	0.5	0.472	AAACCACGAGGAAGAGAGGUAGCGUUUUCUCCUGAGCGUGAAGCCGGCUUUCUGGCGUUGCUUGGCUGCAACUGCCGUCAGCCAUUGAUGAUCGUUCUUCUCUCCGUAUUGGGGAGUGAGAGGGAGAGAACGCGGUCUGAGUGGU	..(((((......(.......((((((((((((....(...(...((((..(.((((((((......))))).))))..))))..)......)..((((((((((.....)))))).))))))))))))))))...)...)))))
